time,angular_velocity_x,angular_velocity_y,angular_velocity_z
22917000000,0.0140329147209,0.0153027010695,-0.00767321296496
22926200000,0.00835590616128,-0.00408085404995,0.00397840727067
22936200000,0.00146274723705,0.0102062091281,-0.00514701978251
22946200000,-0.00469733918842,-0.00525336321757,0.0101829197759
22956200000,-0.00120337306017,0.0111785349412,0.00612121818353
22966200000,0.0010183027824,0.00791477163981,0.00371654843275
22976200000,-0.00494333322774,0.0077165321035,-0.00344542531896
22986200000,0.0162006695438,-0.00479503976456,0.0189248593234
22996200000,0.00768347670103,0.00697156544353,0.0177061977571
23006200000,-0.0125038933219,0.0129493615419,-0.00725628072338
23016200000,0.0135188250086,-0.0134174243051,0.00818251429733
23026200000,0.00570470104646,0.0218714886577,-0.0120749095902
23036200000,0.00312920976156,0.00346899662298,0.00454496114725
23046200000,-0.00701751950836,-0.00545039371599,-0.00348762907653
23056200000,0.000916427141149,-0.00478354754539,0.000708458178837
23066200000,0.0149570650368,0.0185777920897,0.0178880833066
23076200000,0.00905342657323,-0.0105630211805,0.00909979667408
23086200000,0.00456134237995,0.0155947367998,0.00586790829829
23096200000,0.00041590332562,0.00819681918642,-0.0137310031663
23106200000,0.00228199125804,-0.0145019077824,0.0194067251756
23116200000,-0.00731578837512,0.00177465338092,0.00650503319442
23126200000,9.9326560974e-05,0.00626869269385,-0.0125063928063
23136200000,0.0205715274888,-0.00228475114492,0.00056408564698
23146000000,0.0130335151856,-0.00239260382711,-0.0116383697942
23156200000,-0.00947009991515,0.00301484241529,5.73345893628e-06
23166200000,0.00661641620791,-0.0160340176329,-0.00393779422547
23176200000,-0.012059670972,-0.00132388253019,0.0216246084455
23186200000,-0.00395126314156,-0.000121605877753,-0.0103912263433
23196200000,-0.0208139987847,-0.00151122435046,0.0138882781694
23206200000,0.00530514179267,0.00387553742362,0.0109966421798
23216200000,-0.0103658203874,0.0184564702957,-0.00433103982633
23226200000,0.000721680483474,-0.0125660424002,-0.00763337501552
23236200000,0.0101016340485,0.012694969301,0.0129405067026
23246200000,-0.000758097567463,0.012742077553,0.0017710437976
23256200000,-0.00309776145118,-0.00802383871123,-0.0104100760189
23266200000,0.0142217968712,0.00339426105942,-0.0023770985144
23276200000,0.00688352252954,0.00608434966701,0.00925108211441
23286200000,0.000976560940807,-0.0125281546625,-0.0110343205549
23296200000,0.00628218971151,-0.00746594617166,0.00249673355783
23306200000,0.00263853004235,-0.00740497190674,0.000948459365064
23316200000,0.0103793666981,0.0114937596813,-0.0159698317024
23326200000,-0.000290409507994,0.000967054348621,0.00381624350347
23336200000,-0.0197659971789,0.0196311293407,-0.0265653136039
23346200000,0.0176406219385,-0.00868504728117,0.00280078557705
23356200000,-0.00114373445842,0.00391130035838,-0.0211133253357
23366200000,-0.00453759514055,0.00663664448526,-0.0118451325801
23376200000,0.0052755979247,-0.0152975279264,-0.00531256343059
23386200000,0.00216027701636,0.0190776889771,-0.00282015170529
23396200000,0.0159911258206,0.0080976505369,0.00610118648315
23406200000,-0.000800547939886,-0.0109874226019,-0.00621968507182
23416200000,-0.00688711192815,-0.0115466640446,-0.00747383981163
23426200000,0.0067668758241,-0.00746085701869,-0.0017416946265
23436200000,-0.0056056363067,0.00707526857824,0.006038751154
23446200000,0.0160495232453,-0.00540442823158,0.0108154433167
23456200000,0.00642911749589,0.00760595681357,0.00300182007814
23466200000,0.00549449498662,0.00578735762885,-0.00816310379154
23476200000,0.000300100560592,0.00797951930969,0.0245754428273
23486200000,0.0215609603927,-0.0107847812589,0.00316447135643
23496200000,-0.0126991091804,-0.00798567863785,-0.00875681552822
23506200000,-0.018437615733,-0.00496280014526,0.00325401647213
23516200000,-0.00459440566515,-0.00611234297475,0.00704307170004
23526200000,0.00100860023613,0.00873597735292,-0.000384860226045
23536400000,0.00372282004944,0.00932165591866,0.00699423030896
23546200000,0.00629286879318,-0.0022559583842,-0.00842779078995
23556200000,-0.0109684897555,-0.0106252298191,-0.0178049498373
23566200000,0.00338724079879,0.00185800921062,-0.0243872966379
23576200000,0.00326269707399,0.00412320469863,0.00165110382033
23586200000,-0.0176682848611,-0.00957735715706,0.00149845807926
23596200000,-0.000534504494906,0.00390545618518,-0.0002190388022
23606200000,-0.00238304305587,-0.0067666666857,-0.00436057628992
23616200000,0.030791181078,-0.00184339369061,0.00706294008592
23626200000,0.0208817890688,-0.00119278709957,0.0122864715569
23636200000,0.00701165969021,0.00925160666252,0.0048771741581
23646200000,-0.00650245185188,-0.00535686175623,-0.0110373676938
23656600000,0.00291859784356,-0.0123032779789,-0.0035446595878
23666200000,-0.00607683968908,-0.0137054341895,-0.00672384193148
23676200000,0.00720804821097,-0.0107407001288,-0.00431437340546
23686200000,-0.0108916213679,-0.00505921494129,-0.000535289909218
23696200000,0.00374533547119,-0.0210629554884,0.00979522570933
23706200000,0.00821624588269,0.00832404963504,0.0018368009513
23716200000,0.0091618859248,-0.00784681552539,0.0160517795813
23726200000,-0.00501695415665,-0.00410208315585,-0.0136384476753
23736200000,0.00968832474458,0.0152085678138,0.00157943499133
23746200000,0.00874408330171,0.0160080563207,0.0100357255856
23756200000,0.0132365682419,-0.00708981601147,0.0231736751979
23766200000,0.0109523862416,-0.00443167970906,0.00309014094056
23776200000,0.0171439266658,-0.0089560837015,-0.00751520566488
23786200000,-0.00584668656953,-0.00436108370086,0.0136536701126
23796200000,-0.00785631771889,0.0196087854993,0.0118174520292
23806200000,0.00284623152658,0.00611812747701,-0.00501800770421
23816200000,-0.00315720503619,-0.00843654546362,0.00108554269149
23826200000,-0.00525295053625,0.00203179832491,-0.0105767056226
23836200000,-0.0170500013003,-0.0102364539844,0.00663372040264
23846200000,-0.00689741086871,-0.0084543831178,0.00531696768336
23856200000,-0.010778965344,-0.00527213452708,-0.0155094517233
23879400000,0.0271038177029,0.00631399859406,0.0028864146804
23885600000,0.0141018645595,0.00402437661682,0.00477012204388
23899200000,0.00431947172973,-2.78275188804e-05,-0.00238687067339
23905600000,-0.00558330907428,0.00274253049197,0.00136405959804
23915600000,-0.0172123457883,-0.00959211678722,0.0181990316022
23925600000,0.0149883013827,-0.00117209343404,0.00770783346515
23935600000,-0.0137690684501,0.00376685366381,0.00221374871849
23945600000,0.00857054453655,-0.00811825531709,0.0147770988678
23955600000,0.00710466131998,-0.000452887188725,-0.00513048328914
23965600000,0.0126663741426,-0.00363564670656,0.00721193565545
23975600000,-0.0145759925859,-0.0181873703193,0.000187831129814
23985600000,0.000210792260692,0.0030692607261,-0.0124932243595
23995600000,0.00147716311848,-2.15945181731e-05,0.00320099952781
24005600000,0.00481575615387,0.00673040462353,-0.00020295534537
24015600000,-0.0157098977111,0.017576706355,-0.0184763502635
24025600000,-0.00865949731618,0.00249595135746,-0.00644685721893
24035600000,-0.00455322346274,0.00940411874798,-0.0170361369467
24045600000,0.0145360112599,-0.00959996462747,-0.00695324736975
24055600000,0.00979166279952,-0.00400064688936,0.0168316744837
24065600000,0.00706864331993,0.000397326705142,0.00126711805361
24075600000,0.0232881399738,-0.00211971613355,-0.0153273596238
24085600000,0.00798456236788,0.00653026705278,0.0129908889655
24095600000,0.00590729655298,-0.00290914560224,0.0163767339374
24105600000,0.214100333093,8.90701578986,1.24667208041
24115600000,0.0617405504811,8.33835756782,0.904795604768
24125600000,0.0184338893628,6.98976544412,0.765036610707
24135600000,-0.0401737557573,5.86636739901,0.694184990366
24145600000,-0.0850608218671,4.99835931722,0.645914820171
24155600000,-0.0986196072246,4.31052001614,0.586286720872
24165600000,-0.102919359935,3.72847509146,0.510064028506
24175600000,-0.114908222605,3.27991487096,0.450746371835
24185600000,-0.107007539626,2.89727708416,0.365330324558
24195600000,-0.0964463488453,2.57183742146,0.306927449674
24205600000,-0.0482070496813,2.32948460497,0.212530701909
24215600000,-0.0475680515956,2.12843793963,0.146221637281
24225600000,-0.0466065007914,1.92487888404,0.0905546492625
24235600000,-0.00168170643425,1.78047966901,-0.00948734147553
24245600000,0.0181557628082,1.64646039167,-0.00483127305829
24255600000,0.0171585650842,1.53378861975,-0.0572257420297
24265600000,0.0660579485857,1.39689532054,-0.157119540615
24275600000,0.0987200782081,1.30028753332,-0.233712015753
24285600000,0.163829850993,1.20157897051,-0.324274889771
24295600000,0.209770341703,1.14644158234,-0.423337414564
24305600000,0.283945869939,1.05414178432,-0.516328456236
24315600000,0.322991353062,0.980142570147,-0.592683593208
24325600000,0.37787102947,0.914764038204,-0.674392439659
24335600000,0.434791764354,0.839874567959,-0.769940024388
24345600000,0.484717486235,0.786692424646,-0.827800777587
24355600000,0.538775542568,0.712624259248,-0.933018239205
24365600000,0.607331096201,0.673309662339,-1.01758932738
24375600000,0.63475869032,0.616312829857,-1.06273684056
24385600000,0.717980209011,0.54850982536,-1.17019035439
24395600000,0.776081227817,0.49211497126,-1.23055243792
24405600000,0.80228958789,0.477719159059,-1.28011207696
24415600000,0.872063062141,0.4014758877,-1.37523393573
24425600000,0.925219135226,0.355947765888,-1.41737505564
24435600000,0.961474922764,0.316403338502,-1.46503793356
24445600000,1.00703399238,0.285154591717,-1.53369008727
24455600000,1.02944416364,0.252824610544,-1.58960045705
24465600000,1.0714118474,0.227747206041,-1.6504538215
24475600000,1.12823038743,0.189187584791,-1.65680938462
24485600000,1.13867308328,0.147742180421,-1.72356113324
24495600000,1.16313873852,0.1167170103,-1.75439055997
24505600000,1.18721687454,0.0916694930578,-1.78364781722
24515600000,1.20718876188,0.0915870419291,-1.78048541093
24525800000,1.22037635453,0.0501208880466,-1.80505375549
24535600000,1.22916044887,0.037347718619,-1.81420364913
24545800000,1.2292188498,0.0161875562616,-1.81090543382
24555600000,1.23042500223,-0.00288527899922,-1.82980776431
24565600000,1.21907301821,-0.0104318123101,-1.80520436106
24575600000,1.20443039079,0.010720962351,-1.7961427155
24585600000,1.18374779941,-0.000385970541881,-1.75946598927
24595600000,1.16265580664,-0.00856889633941,-1.75224597503
24605600000,1.15226570946,-0.00507295172347,-1.69795262998
24615600000,1.10554720894,-0.0320170051134,-1.65561837722
24625600000,1.07411341723,-0.0417662669872,-1.6036836762
24635600000,1.03465111531,-0.0562412430726,-1.55023634727
24645600000,0.996733347084,-0.0369683079666,-1.49599104124
24655600000,0.96152480065,-0.0603971338013,-1.41388093556
24666600000,0.904450107413,-0.0511360527327,-1.34330522461
24675600000,0.848393334516,-0.0590523025501,-1.2665589579
24685800000,0.78743469333,-0.0697432092225,-1.19625201742
24695600000,0.71596281482,-0.0544557192512,-1.10005417615
24705600000,0.661766210363,-0.0433713113782,-0.989264517526
24715600000,0.616841600332,-0.0504486039062,-0.895654028721
24725600000,0.528715272181,-0.0524206685501,-0.786791916587
24735600000,0.447588918392,-0.0344972333064,-0.679056720242
24745600000,0.398739902453,-0.0342132204582,-0.580955851801
24755600000,0.30859818844,-0.0258079833812,-0.450480924295
24765600000,0.26089018682,-0.000265426529149,-0.345939061885
24775600000,0.139825386257,-0.00107664092882,-0.234004044917
24785600000,0.0804377618968,0.000676091002416,-0.117885075548
24795600000,0.0112364664778,0.0127637946085,0.0104851628011
24805600000,-0.0223929350491,-0.019751886995,0.0646319338548
24815600000,-0.121773498579,0.00425734550788,0.148911277832
24825600000,-0.201535969229,0.0045259966435,0.303724392118
24835600000,-0.298415287491,-0.00323649064975,0.422900663056
24845600000,-0.362158790449,0.0297417387317,0.565780104559
24855600000,-0.45300539047,-0.00182969428415,0.689657107632
24865600000,-0.546678231435,0.00522964081036,0.801034234647
24875600000,-0.604455660147,0.0268869909381,0.903746181541
24885600000,-0.678211997894,0.035566924688,1.00901176131
24895600000,-0.742971228736,0.039112324231,1.13964161564
24905600000,-0.798174435528,0.042866031677,1.23457513169
24915600000,-0.883753335365,0.0460197144576,1.31272049173
24925600000,-0.939886698688,0.0778142312681,1.4186302973
24935800000,-0.980980593149,0.0408089810543,1.47752817056
24945600000,-1.04369591497,0.0559694506482,1.56354539153
24955600000,-1.08772115516,0.0516532388415,1.60803724486
24965600000,-1.13945550536,0.0549417562299,1.69088042077
24975600000,-1.15278478423,0.0565528535055,1.74068086092
24985600000,-1.19280419326,0.0775694588238,1.80538199761
24995600000,-1.20809886452,0.0347213371665,1.81871110275
25005600000,-1.25692618952,0.0430475731394,1.84861946896
25015600000,-1.26113787987,0.0457430574781,1.88814222195
25025600000,-1.26947906424,0.0462840387259,1.88415629291
25035600000,-1.28749169962,0.0388763986355,1.91473414319
25045600000,-1.28006846088,0.0372050860061,1.91742190608
25055600000,-1.3058433627,0.00408839131644,1.93945446166
25065600000,-1.26142552716,0.0406424107364,1.90115234363
25075600000,-1.28961951705,0.0410364357282,1.90035286334
25085600000,-1.24481241218,0.0276991031152,1.85185430419
25095600000,-1.22083707303,0.010313223425,1.81882646898
25105600000,-1.20933829889,0.00744132794835,1.78381111045
25115600000,-1.17458619139,0.0035502382729,1.75644532106
25125600000,-1.14231106941,0.0187975113243,1.69786635492
25135600000,-1.09553235792,0.00718249205557,1.62951289052
25145600000,-1.05505620287,0.00842626776683,1.56642689099
25155600000,-1.0045363767,0.0221312730474,1.49469747989
25165600000,-0.965078824073,5.46579111032e-05,1.41746198427
25175600000,-0.902160920761,-0.00140647122442,1.3441215685
25185600000,-0.860161490303,-0.0211588276893,1.27099896832
25195600000,-0.800507288968,0.00368613926409,1.18748454633
25205600000,-0.727403832265,-0.00121841799811,1.08764572979
25215600000,-0.656367503309,0.0162847111584,0.993744772046
25225600000,-0.60475289705,-0.00829104584121,0.889450111168
25235600000,-0.517484005343,-0.00862162295338,0.789375472186
25245600000,-0.455473197945,0.0157736241943,0.669546852335
25255600000,-0.388918720252,-0.0106934651743,0.560514669798
25265600000,-0.308026543284,-0.0207567965663,0.461596918947
25275600000,-0.225249201128,0.00382765624722,0.367481303529
25285600000,-0.15730865612,-0.0143448637583,0.268381933541
25295600000,-0.0975311723072,-0.0248791218509,0.141554122806
25305600000,-0.0389226086827,-0.0494396942917,0.0356359475454
25315600000,-0.0223458458354,-0.00935810846758,-0.0115852742924
25325600000,0.0446007451454,-0.0095659511666,-0.0634020460029
25335600000,0.117290101543,-0.00631801618162,-0.176728200221
25345800000,0.187341903108,-0.0170213048499,-0.285463888819
25355600000,0.252910891522,-0.0017903722371,-0.398194532221
25365600000,0.349712003362,-0.00644128823675,-0.496634521356
25375600000,0.409484849424,-0.0125376489704,-0.581965202014
25385600000,0.442707683417,-0.0261176422401,-0.679683912358
25395600000,0.508697651781,-0.0115257845408,-0.765886931863
25405600000,0.561092285486,-0.0154015387872,-0.859500421455
25415600000,0.627361633188,-0.0146730699246,-0.898025273308
25425600000,0.640997301392,-0.00149345187873,-0.986477835149
25435600000,0.714850847194,0.000800410543483,-1.03286412848
25445600000,0.724114891114,-0.00778727160239,-1.087913623
25465600000,0.808453952084,-0.00486651739902,-1.17420028082
25475600000,0.834274153989,0.00600601880132,-1.21124505133
25485600000,0.831403347703,-0.0154656768392,-1.24377452814
25495600000,0.875890499639,0.000102946620737,-1.27392258537
25505600000,0.880469561391,-0.00655646464908,-1.28030883176
25515600000,0.88923252619,-0.000924475377937,-1.28053619318
25525600000,0.843881811155,0.0067749669817,-1.30786593309
25535600000,0.870115684609,-0.00332952360839,-1.29194465704
25545600000,0.862048810498,0.00833320042442,-1.29676338181
25555600000,0.858410214258,-0.00762107816499,-1.26698446506
25566200000,0.841874946479,0.0111831205676,-1.24740726666
25575400000,0.819628563401,0.00920385891992,-1.22416239429
25585600000,0.795018369481,0.00934640357445,-1.18759589083
25595600000,0.784548606784,0.0131404324253,-1.14133501453
25605600000,0.745547492659,0.0196171595461,-1.11363815365
25615600000,0.72336233949,0.0209102900003,-1.0820724234
25625600000,0.704433050213,-0.00604961325788,-1.03376222271
25635600000,0.641789924607,0.00539347699237,-0.968866968728
25645600000,0.621301336318,0.00238214425176,-0.926441806384
25655600000,0.593592707478,0.0301589630998,-0.843253390228
25665600000,0.521776356602,0.0232939848773,-0.781845250246
25675600000,0.497368394064,0.00898562603887,-0.732085498386
25685600000,0.447356794852,0.0107130388278,-0.655306426573
25695600000,0.370206258573,-0.00260826512092,-0.578954089327
25705600000,0.340696188427,-0.00128344856068,-0.49723798012
25715600000,0.286836903705,0.00818520379953,-0.428010769982
25725600000,0.234618266545,0.0200761742685,-0.329949832014
25735600000,0.175709176259,0.0167042738413,-0.288158854879
25745600000,0.136389423724,-0.00620672437725,-0.213077276942
25755600000,0.0791266083656,0.00912359515631,-0.129321450847
25765600000,0.0555760613524,-0.0141704136029,-0.042209802913
25775600000,0.0108505421545,-0.00571926720329,0.00139961484286
25785600000,-0.0157737369012,-0.0116671737683,0.0117932434271
25795600000,-0.054565405841,0.0132409944809,0.0898744584633
25805600000,-0.108742502291,0.0108871610693,0.180330243826
25815600000,-0.16634995894,0.0013816937768,0.231149847485
25825600000,-0.204202772067,-0.00153657593243,0.330807645655
25835600000,-0.281707714779,0.00695737986612,0.398571931289
25845600000,-0.306455146327,0.0104673141309,0.466743252215
25855600000,-0.354680823046,0.00445568077839,0.549129055566
25865600000,-0.406845737872,0.0104705613226,0.6255086298
25875600000,-0.449342902465,-0.00345059350655,0.651582027725
25885600000,-0.505222991451,0.0184801236888,0.735555892176
25895600000,-0.520819196673,-0.0053705049793,0.75203828232
25905600000,-0.568477689783,0.00349598093923,0.815418967134
25915600000,-0.569334591187,-0.0123887273769,0.833779651895
25925600000,-0.579729667348,0.00610835893247,0.874301822716
25935600000,-0.62165195309,-0.0150989025911,0.916739115349
25945600000,-0.644040979919,-0.00156856562138,0.94578509555
25955600000,-0.645401804489,0.00391479977365,0.970634403182
25965600000,-0.6601567699,0.0015326285848,0.981439108875
25975600000,-0.646895271772,-0.00669732167092,1.00786918905
25985600000,-0.689138021796,-0.00143679458108,1.00419330125
25995600000,-0.672676216412,0.00414966456496,1.01440420067
26005600000,-0.676099568469,0.0031919233432,1.02351986404
26015600000,-0.673004080989,-0.0168178531036,1.00616086058
26025600000,-0.682290627594,0.00832315711732,1.00056703136
26035600000,-0.677059507348,0.00505925624858,0.99215055149
26045600000,-0.668705749012,-0.0111903791492,0.98648373688
26055600000,-0.646711508416,-0.0183634917526,0.966550372133
26065600000,-0.647449505798,0.0131528639002,0.949382692996
26075600000,-0.631591434141,0.000553598563566,0.933115358415
26085600000,-0.615903960705,0.00426506538175,0.893403679141
26095600000,-0.597901715693,0.00704268081186,0.876072076549
26105600000,-0.571314531566,-0.00644097267312,0.864897795066
26115600000,-0.561636149055,0.0138479207217,0.81582635317
26125600000,-0.541607629823,-0.0208977972285,0.796600960707
26135600000,-0.512886898352,-0.00340555651938,0.756346338539
26145600000,-0.486774903685,0.0148352727258,0.737541080339
26155600000,-0.451060438685,0.016011365106,0.702750434401
26165600000,-0.455932291686,0.0121896346582,0.654041322242
26175600000,-0.415526386616,-0.00102834896615,0.601975093289
26185600000,-0.385329119821,0.0198997516213,0.582460060913
26195600000,-0.346925001498,-0.00799204684172,0.522223025139
26205600000,-0.331863378773,0.00261234810248,0.479876741153
26215600000,-0.304317322724,0.0137568268599,0.466739853387
26225600000,-0.272038311093,-0.0150499716638,0.424776378259
26235600000,-0.236756995433,-0.00812469653553,0.386821227664
26245600000,-0.22013738594,-0.0304028505122,0.338282394556
26255600000,-0.197046697124,-0.0472581177607,0.298890221561
26265600000,-0.180731998301,-0.0400711436787,0.271830461476
26275600000,-0.158863715385,-0.0584996851225,0.214419409363
26285600000,-0.114828010056,-0.0898904964678,0.185105296132
26295600000,-0.109426087622,-0.0983821202912,0.151308109245
26305600000,-0.0811904423781,-0.104282352587,0.0999703551626
26315600000,-0.0521680878574,-0.119237726108,0.0953068808372
26325600000,-0.0552801669934,-0.129542818089,0.0590037397177
26335600000,-0.00415698892061,-0.155867306419,0.0230160579006
26345600000,-0.0014828268447,-0.171291443672,-0.00373095033228
26355600000,-0.0135555578699,-0.191503186314,0.00102024050672
26365600000,-0.00322004917826,-0.215789092463,-0.000165150096747
26375600000,-0.00624570040082,-0.21429598626,-0.0111347266936
26385800000,0.0125703742855,-0.253614631974,-0.0159879587242
26395600000,0.0297174780892,-0.26572726112,-0.0646161615063
26405600000,0.0641024410887,-0.314892524508,-0.0874187928732
26415600000,0.0697074006551,-0.297935538019,-0.106651525879
26425600000,0.0842275131396,-0.321579524589,-0.128724598544
26435600000,0.0873565921692,-0.347346233558,-0.149997108894
26445600000,0.0874066366255,-0.345382957478,-0.178290872544
26455600000,0.10295525223,-0.406282562936,-0.178494305067
26465600000,0.121411406788,-0.406690005121,-0.194084905677
26475600000,0.127180466878,-0.425760597273,-0.196631258571
26485600000,0.115073877855,-0.450189915003,-0.177164950156
26495600000,0.138949730069,-0.473892495119,-0.204420527046
26505600000,0.119993442126,-0.495388863005,-0.183772193471
26515600000,0.121150255261,-0.512363043795,-0.194511869009
26525600000,0.115291807497,-0.538616110835,-0.195564176483
26535600000,0.0982781136662,-0.536452037458,-0.19831409108
26545600000,0.129633076031,-0.571475273288,-0.175873756445
26555600000,0.11370738754,-0.583432973761,-0.18854887048
26565600000,0.0885364777913,-0.577804394369,-0.197919210645
26575600000,0.0908976296195,-0.608880438153,-0.155615309426
26585600000,0.088558642892,-0.634746745499,-0.146051511745
26595600000,0.0726771718718,-0.612905900457,-0.159588973707
26605600000,0.078794201551,-0.6534976603,-0.154004754227
26615600000,0.0599372493599,-0.656549478046,-0.156470545511
26625600000,0.0615895998791,-0.661770595357,-0.111183509149
26635600000,0.0693524363931,-0.664974825297,-0.127384543025
26645600000,0.0625494875027,-0.706915873278,-0.103378855535
26655600000,0.0374828730278,-0.69729768381,-0.093569370464
26665600000,0.0361157413503,-0.711573259439,-0.0890938100359
26675600000,0.0251721569342,-0.705432407238,-0.0829167504404
26685600000,0.0198247248217,-0.708958781656,-0.0604360963556
26695600000,0.0200851024949,-0.719380466769,-0.0604333677016
26705600000,0.00550237255461,-0.682048841162,-0.0183285462787
26715600000,0.00689069140014,-0.697371519342,-0.0291552979031
26725600000,0.0230488239732,-0.71255056636,-0.0126551501843
26735600000,-0.00433673338142,-0.702610553625,-0.0185988464867
26745600000,-0.00702814808941,-0.6949617742,-0.0149299432433
26755600000,0.0131828170342,-0.673312878321,0.00262313192168
26765600000,0.01618806859,-0.691791132178,0.00954262337867
26775600000,-0.0114294793258,-0.672213382684,-0.003710682708
26785600000,-0.00410479171623,-0.660819629038,0.0147838409157
26797000000,-0.00978247088446,-0.657245604763,-0.0109838414914
26805600000,-0.00968647922761,-0.649540248341,0.00377921133514
26815600000,0.000614487294205,-0.626482831105,-0.0174019630461
26825600000,0.00505482409495,-0.607163052412,-0.00958253990614
26835600000,-0.0037440840971,-0.595846519135,0.0111887966548
26845600000,-0.012247612646,-0.585642540203,-0.000112921618221
26855600000,0.0082486214354,-0.573803055945,0.00211809295376
26865600000,-0.00299634408117,-0.553262688286,0.00394300204691
26875600000,-0.00646694083996,-0.54334826008,0.00589861790212
26885600000,0.0230978516588,-0.515174763615,-0.000559125834509
26895600000,0.00925101752963,-0.512830763809,-0.0118057398954
26905600000,-0.0125987063163,-0.494504243837,-0.00315888054418
26915600000,0.00659719596765,-0.467467718466,0.0162815560108
26925600000,-0.00279020504453,-0.446564547124,-0.00400623989413
26935600000,0.00251842415959,-0.425429845103,-0.0112529714638
26945600000,-0.00388463643881,-0.416532981785,0.017687535427
26955600000,-0.00396279846435,-0.406893470754,0.0246231106711
26965600000,0.0126219685694,-0.385384426181,-0.0314314173717
26975600000,0.00571557632115,-0.364693849124,-0.00203099199807
26985600000,-0.00308388772519,-0.348539414006,-0.00796780020452
26995600000,-0.014329340463,-0.328449922699,0.0181320928061
27005600000,0.0150136790919,-0.324891242599,-0.0136528441842
27015600000,0.00465095900378,-0.311474720019,-0.00875193365706
27025600000,0.00253861622914,-0.282620988633,0.00164940114638
27035600000,-0.0142544497731,-0.276898934164,-0.00154182983988
27045600000,0.00361160949046,-0.258802548741,0.00396782435446
27055600000,0.00197839700582,-0.260040165549,-0.00982086931609
27065600000,-0.00316774714922,-0.23162721939,0.00480971386286
27075600000,-0.00920859050051,-0.247867150362,-0.00957570359391
27086200000,-0.00565687436452,-0.235445587045,-0.0229188191831
27095600000,0.00755573160979,-0.222546728677,-0.0197168513454
27105600000,0.0169765975266,-0.230784169064,-0.0382591987263
27115600000,-0.0113676962801,-0.22938156721,-0.0291970840686
27125600000,0.0122857346986,-0.220622714828,-0.0469838475309
27135600000,0.0113580044617,-0.217727677905,-0.0480406394218
27145600000,0.0151388804967,-0.236130783004,-0.0541029026724
27155600000,0.00300864478507,-0.216647008636,-0.0242585932232
27165600000,0.0139506649221,-0.218727913744,-0.0415520948356
27175600000,0.00174300334115,-0.218508050224,-0.0611068275392
27185600000,0.00204624145289,-0.243776350223,-0.0495613910785
27195600000,0.000488132485456,-0.224657407108,-0.036843920784
27205600000,-0.0187490866433,-0.245107497878,-0.0508476880624
27215600000,-0.0180879465756,-0.250735097346,-0.028189667643
27225600000,-0.00736095704849,-0.275942341888,-0.0600689614451
27235600000,0.00557221891083,-0.28651161615,-0.0554683182799
27245600000,0.0114092229315,-0.312223229563,-0.0445505841099
27255600000,0.00985262989363,-0.303377048575,-0.0233917211855
27265600000,0.00219945407278,-0.32942550301,-0.0252629464852
27275600000,0.00850191349926,-0.3487590991,-0.0254323648283
27285600000,-0.0162705701005,-0.339199152888,-0.0185584016143
27295600000,-0.00566257860982,-0.367605612074,-0.0132370124049
27305600000,0.00596627912143,-0.377384592395,-0.0263639083802
27315400000,-0.0111776370274,-0.396185469497,-0.00461934866703
27325600000,0.00378991125197,-0.433437048744,-0.0119783391576
27335600000,0.00570643859251,-0.422497401965,0.00596982860914
27345600000,0.00215581766056,-0.457458315628,-0.000192639179753
27355600000,0.0192233731154,-0.444064463648,0.00756952982565
27365600000,-0.0134412898686,-0.486473417527,0.00147453608767
27375600000,0.002975727021,-0.496475846568,-0.00468938167692
27385600000,0.0177522532242,-0.534411571629,-0.00560204310919
27395600000,-0.000462982562697,-0.523352695069,-0.0189466208251
27405600000,-0.0143618383501,-0.559796369545,-0.00914176392526
27415600000,0.00779277837017,-0.557230928376,-0.0103913506017
27425600000,-0.00184202595701,-0.587195827907,0.00564400523181
27435600000,0.00400924743741,-0.586625625551,0.0056008429297
27445600000,0.0124415968217,-0.586784416817,-0.00526644111597
27455600000,0.0112740335928,-0.61922047929,-0.0101071636223
27465600000,-0.0105222246817,-0.636681379822,-0.0231039036844
27475600000,0.00861934494528,-0.630151075461,0.0237333690445
27485600000,0.00693253689889,-0.644862802495,0.00820463278857
27495600000,-0.0172258539768,-0.655277315331,0.00663670307534
27505600000,0.00357120933474,-0.63597670461,0.00795161019059
27515600000,0.00706299146174,-0.645057166303,0.00380507162074
27525600000,-0.00376660563512,-0.656277295605,-0.00513536929119
27535600000,-0.00303262282529,-0.665963617217,0.0131181817865
27545600000,0.00791559754496,-0.658036163099,0.0103486549228
27555600000,0.00677936140123,-0.676751960436,-0.00588727160873
27565600000,6.7381179056e-05,-0.662395347686,0.0180183944382
27575600000,0.00516187854295,-0.654325340632,0.00927676252905
27585600000,-0.0122731239073,-0.657060085509,-0.00921632992453
27595600000,-0.00138749932449,-0.645017100148,0.00733430569846
27605600000,-0.0065816268438,-0.661161996396,0.0137329091391
27615600000,0.0145695827295,-0.652432036654,-0.0112145743833
27625600000,0.00562776889913,-0.630793658838,-0.00444111787589
27635600000,-0.00907507438233,-0.605146668873,-0.0109740934845
27645600000,-0.00162097649939,-0.59177108086,-0.0132265779745
27655600000,-0.0127177190043,-0.606422827852,-0.0150163493148
27665600000,0.0242649254423,-0.579860594069,0.0111812419096
27675600000,0.00548598085883,-0.581251659588,0.00117155842807
27685600000,0.00031325203556,-0.565753910286,-0.0179219926345
27695600000,-0.00831817782163,-0.546416208484,0.00804973629532
27705600000,-0.00764337569783,-0.532254867121,-0.00115472662648
27715600000,0.0026395538641,-0.523412990573,0.00992818706004
27725600000,0.0062036214089,-0.50903618284,0.00589150377586
27735600000,-0.0165313736289,-0.482157207016,0.000434154948011
27745600000,-0.0034547536173,-0.473312375789,0.0159627164477
27755600000,-0.0116017648246,-0.455666836755,-0.0100407829903
27765600000,-0.00447156254632,-0.42312760044,0.0179162046076
27775600000,-0.000418079297631,-0.429331854066,-0.0288907139186
27785600000,-0.00644255241097,-0.400083756756,0.00833816815472
27795600000,0.00889749716386,-0.373684359616,-0.0157499706312
27805600000,0.00869361130381,-0.372552917862,-0.00870512941329
27815600000,-0.0105714001117,-0.366410439756,-0.0100848494146
27825600000,-0.00407610612323,-0.350951505111,-0.0180909566606
27835600000,-0.0182404208993,-0.312899782461,-0.0127011244315
27845600000,-0.0057650570181,-0.320023268636,-0.0142178370884
27855600000,-0.0191366281962,-0.295031349054,-0.0121874727587
27865600000,-0.00604873087416,-0.3033547901,-0.0264882656679
27875600000,-0.00864237215635,-0.280631685688,-0.0230746070365
27885600000,-0.00677966628473,-0.26427903589,-0.0152283813968
27895600000,-0.0127011873518,-0.273155940106,-0.0233784681214
27905600000,-0.0145215592222,-0.25727237559,-0.0193960021355
27915600000,0.00482030977102,-0.255057755661,-0.0157316208204
27925800000,-0.00894619733068,-0.261461711668,-0.0238669796444
27935600000,0.011654178573,-0.231982591942,-0.0128440126358
27945600000,0.0145525002393,-0.239758438002,0.00386878439413
27955600000,-0.0308175623243,-0.241656580071,-0.00504210153609
27965600000,0.00323192516222,-0.241841115352,0.00362842930791
27975600000,0.00394643778203,-0.231188663781,-0.00933746370229
27985600000,0.0194416599709,-0.235560500827,-0.0224621800405
27995600000,-0.011598020031,-0.242251892633,-0.00618743063248
28005600000,-0.00434298195981,-0.255314354617,0.0197037838524
28015600000,-0.00691577638692,-0.265641781243,0.00236278245612
28025600000,-0.000540055520534,-0.297649776714,0.00137280843847
28035600000,0.00552810104585,-0.266363716936,-0.00634381443779
28045600000,0.0139484785288,-0.307036223899,0.00111886920477
28055600000,-0.00229914487807,-0.284369361838,-0.00685669999276
28065600000,0.0206299467407,-0.289302597628,0.00519718598832
28075600000,0.013002239564,-0.321287552163,0.00591895444223
28085600000,-0.0153245679239,-0.334543884165,-0.0161964621761
28095600000,-0.00501654940583,-0.348271239727,-0.00119502758425
28105600000,0.0117244271983,-0.373227152106,0.00910944304707
28115600000,0.0141434597532,-0.370258251388,-0.0292829831207
28125600000,0.00251066330512,-0.387074687193,-0.00452987553536
28135600000,0.00345550041526,-0.387336528908,0.0123071277148
28145600000,0.00213302402508,-0.42772305924,0.00543231085243
28155600000,0.0263042521821,-0.434871667996,0.0371103062912
28165600000,-0.00499742838448,-0.45901645403,-0.00358342654635
28175600000,-0.00289500134481,-0.470471715808,0.0392402230932
28185600000,0.0221224742264,-0.488729860031,0.0338053139063
28195400000,-0.00144938231983,-0.497040926353,0.0245255378392
28205600000,0.0170318226043,-0.514577651471,0.0126537780601
28215600000,0.0202271405307,-0.534366097307,0.026002825258
28225600000,0.000709691573817,-0.553355388358,0.00849533708867
28235600000,0.00551243801238,-0.554718358604,0.0139729123891
28245600000,0.0202344644709,-0.571644210862,0.0184678939618
28255600000,0.00985163089381,-0.58476114653,0.0063234775805
28265600000,0.00776385321267,-0.603542651645,0.0120978591776
28275600000,-0.000527130220937,-0.62501493638,0.0178392866934
28285600000,-0.00105643125118,-0.64255984584,-0.00127461881546
28295600000,0.0264756019412,-0.641113543674,0.02025463237
28305600000,0.0106767979412,-0.622775639128,0.0168687179071
28315600000,0.00195890448593,-0.64276049294,0.00485363967282
28325600000,-0.00463137621937,-0.654397729371,-0.00117175600971
28335600000,0.00605304394513,-0.651314336475,0.00344285200983
28345600000,0.0121896216339,-0.64237288419,-0.00674517999248
28355600000,-0.00306567044412,-0.669407528261,-0.0105123508641
28365600000,0.00482716942728,-0.657360393917,0.00910441329659
28375600000,-0.00864888285326,-0.679185106955,0.00224392131607
28385600000,0.0150959505581,-0.651653048756,0.0161829949424
28395600000,-0.0108981069639,-0.689668708738,-0.00487394329716
28405600000,0.0111050846076,-0.653994490567,0.0012858468888
28415600000,-0.00459535715608,-0.666429738371,0.0104467970518
28425600000,-0.0124967601502,-0.657707180603,0.0044700653677
28435600000,0.00712759599078,-0.641297372177,0.00089373659345
28445600000,0.0197545477354,-0.651051273937,0.0145642568732
28455600000,-0.00123682116015,-0.639148755284,0.0023048690659
28465600000,-0.000755231936861,-0.622126977573,0.00252197893533
28475600000,-0.00154448024097,-0.58684430773,0.00429574158769
28485600000,-0.00662236406347,-0.590185807923,-0.0121875760981
28495600000,-0.0246941720567,-0.576503297849,-0.0163727847022
28505600000,-0.00231382119533,-0.564341941381,-0.00585609596719
28515600000,-0.0123861863463,-0.559895921488,0.00444340197678
28525600000,0.00060132035151,-0.543508007507,-0.0108722119105
28535600000,0.00577042506494,-0.503920602501,0.0112308097813
28545600000,0.0119903099067,-0.51539684563,-0.00943289846727
28555600000,0.00194233430443,-0.483732149142,0.00950070766299
28565600000,0.00495122584111,-0.468096826404,0.0139579272633
28575600000,-0.0158419778718,-0.449701899608,0.00361846354772
28585600000,-0.0100645251272,-0.439916402322,0.00985425412872
28595600000,0.00800817269908,-0.405732201303,-0.00217905967161
28605600000,0.0138781035949,-0.391123846499,0.0171793853073
28615600000,0.00408023821652,-0.374861001272,0.0036187175187
28625600000,-0.0090397353235,-0.372842955496,0.000790575479423
28635600000,-0.023586584722,-0.353803816933,-0.011123916487
28645600000,-0.0128565915644,-0.348634290247,0.0273293714753
28655600000,-0.0078304775237,-0.322381901953,-0.00260733256905
28665600000,0.00555409969303,-0.307762777328,0.00420692330639
28675600000,0.00555816430173,-0.310506913577,-0.00675374265661
28685600000,-0.00139210056937,-0.293253820611,-0.00508645057763
28695600000,-0.00427620763469,-0.264929449719,-0.0034567408993
28705600000,0.0104893529299,-0.249592512313,0.00432992885018
28715600000,-0.00805440864327,-0.23095969867,-0.00693574395274
28725600000,0.0163890308449,-0.236538420422,0.00735087758047
28735400000,0.01976912257,-0.22972656322,0.0306735615805
28745600000,0.0128131718378,-0.216794244612,0.0258424825941
28755600000,0.0135684915087,-0.235688657708,0.0184677535209
28765600000,0.0341520021245,-0.22945091337,0.0260231658468
28775600000,0.0219154937523,-0.240675737015,0.043732057386
28785600000,0.0455666771149,-0.206213763021,0.0386309217795
28795600000,0.0400967347931,-0.212639274998,0.0598838097333
28805600000,0.0269136881943,-0.233930467062,0.0602592082677
28815600000,0.0279923984568,-0.206979148344,0.0296031403593
28825600000,0.037088992576,-0.223380554578,0.0450060008029
28835600000,0.0143390734858,-0.220875494721,0.0279068859877
28845600000,0.0244445368017,-0.233642771846,0.0367620932244
28855600000,0.0147594260398,-0.249811591727,0.0301319801207
28865600000,0.0153997466738,-0.250750503286,0.0285721421841
28875600000,0.0197206603997,-0.258022370967,0.041582899578
28885600000,0.0163082219402,-0.281385087497,0.0189711059164
28895600000,0.0168564472022,-0.297009406846,0.022545101455
28905600000,0.0318294121745,-0.307568072117,0.0230620746209
28915600000,0.0322305192693,-0.31906354392,0.0112862887023
28925600000,0.00144831811979,-0.312395399998,0.0157568134461
28935600000,0.00286501356904,-0.340842802761,0.00745247500328
28945600000,0.00588590974077,-0.375483400547,0.00519951535184
28955600000,-0.00327983332,-0.373600279914,0.0172630503946
28965600000,0.000471603264872,-0.410513802608,0.0107249953738
28975600000,0.012474397271,-0.416710125626,-0.00712986941315
28985600000,0.00505520199672,-0.438825680081,-0.000702597785179
28995600000,0.00628942013647,-0.434415848562,0.00130114396575
29005600000,0.0139068197203,-0.441930050745,-0.00309803213344
29015600000,0.00143803325345,-0.471109822286,0.0122083386031
29025600000,0.00800826053044,-0.483626172362,-0.000866103549201
29035600000,-0.017589323943,-0.514617595429,-0.0225505707334
29045600000,-0.00157854041158,-0.543692638536,-0.00308777652378
29055600000,-0.0207269835859,-0.54233166878,0.00664699783475
29065600000,0.00284333331074,-0.557467139775,-0.000107636592619
29075600000,0.00257425314124,-0.597007396187,0.00260036111262
29085600000,0.00556745932582,-0.57861945762,0.00619391832877
29095600000,-0.014392806724,-0.603018496477,0.0065215707148
29105600000,0.000977780881831,-0.625695454927,0.00721342771676
29115600000,-0.0057790602277,-0.630699262116,-0.00258489793744
29125600000,-0.00996384257663,-0.647313948322,-0.00958134175481
29135600000,0.0148919965505,-0.654312643226,-0.00385448385439
29145600000,-0.00339638662754,-0.676131370301,-0.00283899862116
29155600000,0.0108619680244,-0.675852448963,-0.00828992691329
29165600000,-0.00471350389047,-0.694667570491,0.0208081644302
29175600000,0.0134892781821,-0.679650766086,0.000468960109355
29185600000,0.00356400935332,-0.695302571432,-0.010268130458
29195400000,0.0185165339404,-0.703494416274,-0.0115630133551
29205600000,-0.01859820926,-0.706210302544,0.0190113677492
29215600000,0.0185386743405,-0.69847682638,0.0111001851795
29225600000,0.0274163602373,-0.730711898635,-0.00127572008159
29235600000,0.0589322504311,-0.703626243399,0.0241573511668
29245600000,0.0545546322579,-0.723389570613,0.0624941944244
29255600000,0.0676584208625,-0.71474372625,0.0621697596462
29265600000,0.0607507209444,-0.689697866846,0.054464291462
29275600000,0.0938086822924,-0.693230478658,0.0758093418202
29285600000,0.0996321769441,-0.671531345365,0.0762765800068
29295600000,0.10320392249,-0.670701178872,0.0956068873666
29305600000,0.110609719531,-0.65504954609,0.107194262139
29315600000,0.114902213539,-0.640435850692,0.110283126437
29325600000,0.124723880703,-0.650796462638,0.120503462406
29335600000,0.143135533959,-0.629976603182,0.126822220794
29345600000,0.142732121937,-0.614733113152,0.127504577607
29355600000,0.156733488694,-0.600538053627,0.133299671721
29365600000,0.18232865296,-0.598421864119,0.147928955354
29375600000,0.185139233017,-0.54271815315,0.134532757218
29385600000,0.180841324779,-0.553456795132,0.144396560829
29395600000,0.200508008776,-0.541825073694,0.143112242351
29405600000,0.196317626881,-0.519612407373,0.168254977787
29415600000,0.195731198536,-0.493472409205,0.135862854583
29425600000,0.183722960947,-0.498889717107,0.137841031417
29435600000,0.180618333581,-0.449148676132,0.15115610596
29445600000,0.196174885508,-0.439976338655,0.146674673929
29455600000,0.194667897187,-0.407179134796,0.14962784257
29465600000,0.18556573011,-0.403011880717,0.135493845207
29475600000,0.169275182597,-0.380223581355,0.118090129681
29485600000,0.172756070922,-0.362276448067,0.0982248603331
29495600000,0.161601766736,-0.334768682371,0.116373959365
29505600000,0.152591135426,-0.320530619347,0.112845803298
29515600000,0.119894260752,-0.295637916077,0.0867344638442
29525600000,0.101716940332,-0.281306813351,0.0673361231535
29535600000,0.0986321258693,-0.24486604659,0.0534862283763
29545600000,0.0956728150943,-0.253015164404,0.059383415722
29555600000,0.0575280205985,-0.233435352119,0.0329198907131
29565600000,0.0312215099673,-0.202449280477,0.00263833659377
29575600000,0.00081518461557,-0.178065406498,0.010850440903
29585600000,-0.000502399098356,-0.170923579154,0.00974396527593
29595600000,0.00693094181943,-0.163753499636,-0.00391956725845
29605600000,-0.00233356558989,-0.150166081608,-0.0372291759947
29615600000,-0.0730566484901,-0.119584953959,-0.0364304109055
29625600000,-0.0883327646305,-0.107893934659,-0.0716388991312
29635600000,-0.142865288648,-0.103122857769,-0.104495010403
29645600000,-0.213895652205,-0.0821393050358,-0.129433260447
29655600000,-0.247560502327,-0.0830501050717,-0.152259905035
29665600000,-0.273236463427,-0.0510743000046,-0.189958631776
29675600000,-0.332500126367,-0.047297428756,-0.21258918987
29685600000,-0.363358271343,-0.0336029502936,-0.257261837042
29695600000,-0.413102360053,-0.0306644500294,-0.271992320263
29705600000,-0.46369818876,-0.0117187933028,-0.313780487679
29715600000,-0.48917450226,-0.00826241738101,-0.34564575628
29725600000,-0.52479310616,-0.0292190158564,-0.339696205704
29735600000,-0.563368021386,-0.0108229619025,-0.37039538858
29745600000,-0.641105408231,0.000472194674765,-0.413077813206
29755600000,-0.660842647923,-0.0193611108384,-0.447382294985
29766400000,-0.701468613134,0.00423925864278,-0.460043429527
29775600000,-0.747070651478,-0.00342564479712,-0.489436016794
29785600000,-0.783100255147,0.00203415441842,-0.511119459932
29795600000,-0.803538044415,0.00260906208424,-0.526784317208
29805600000,-0.826983372428,0.00483143648002,-0.532277929752
29815600000,-0.866046711438,-0.00135253330494,-0.592061735144
29825600000,-0.877991285261,0.00918680917039,-0.594530941756
29835600000,-0.904796213872,0.00751777156283,-0.617100423531
29845600000,-0.944926448042,0.00665815122727,-0.627583634922
29855600000,-0.966706852527,-0.000142617192551,-0.645871162003
29865600000,-0.979363491733,0.00365648927728,-0.646486938059
29875600000,-0.984600343531,0.0146853596176,-0.651798440746
29885600000,-1.01528452394,-0.00530090756934,-0.692797019891
29895600000,-1.0179364506,-0.0134239399018,-0.68087269212
29905600000,-1.0041128202,0.0111976869163,-0.684717893211
29915600000,-1.01433457603,0.00863243596429,-0.682826309617
29925600000,-1.02698993217,0.00928411634212,-0.679792542459
29935600000,-1.00213477803,-0.00995152070021,-0.664838049268
29945600000,-0.98104654983,-0.008998805778,-0.678165797453
29955600000,-0.96360521049,0.00802936055321,-0.627901082704
29965600000,-0.946492837526,-0.0026856941992,-0.653184501296
29975600000,-0.953116968378,-0.00166117341947,-0.652688784405
29985600000,-0.900213848887,-0.00533057722569,-0.611162715109
29995600000,-0.841882106519,-0.0017264331701,-0.568097111922
30005600000,-0.830367043797,0.00180443413309,-0.555755323391
30015600000,-0.77988747295,-0.00188946827902,-0.519893258833
30025600000,-0.748798798107,0.0161746590262,-0.508205149944
30035600000,-0.70095674523,0.00229777473443,-0.47571478607
30045600000,-0.661105026353,-0.00356316663867,-0.447443220668
30055600000,-0.603024789058,-0.00320072850789,-0.406746503236
30065600000,-0.568473685797,-0.0114817299589,-0.378037720756
30075600000,-0.496942144525,-0.0191323124169,-0.320492623034
30085600000,-0.403340321093,-0.0120056891161,-0.285948825068
30095600000,-0.35602096138,-0.00224161666791,-0.232855226014
30105600000,-0.297051932528,-0.00727289182305,-0.200493212839
30115600000,-0.233831046645,-0.0110364412325,-0.164215086118
30125600000,-0.166226230581,-0.0137378956411,-0.100739783523
30135600000,-0.0869331025414,-0.00156446938124,-0.0635635157986
30145600000,-0.0018500844781,-0.00294470914829,0.00736587371388
30155600000,-0.00925937314486,0.0110688039663,0.00975774456332
30165600000,0.0576648432442,0.000506038724863,0.0555338194476
30175600000,0.155539607605,-0.000284999420951,0.0968476354836
30185600000,0.226961849438,-0.00707900151458,0.163086925657
30195600000,0.331667293076,0.0121432510502,0.23498109369
30205600000,0.424875435408,0.00666166082014,0.270368834691
30215600000,0.505894390471,0.0149564646984,0.338371458135
30225600000,0.573229157947,0.0165257127526,0.38247809478
30235600000,0.651061929949,-0.00166343126538,0.44370002849
30245600000,0.72667336509,-0.00347820043122,0.485265426235
30255600000,0.790585276211,-0.00510061100363,0.528334173455
30265600000,0.844724094955,0.00154826091317,0.561222274782
30275600000,0.922550063993,0.00658438302709,0.597253348128
30285600000,0.974339840862,0.00143237334494,0.638501245075
30295600000,1.02589457458,-0.0100890981753,0.680688433685
30305600000,1.06831739289,-0.00376104620114,0.703272221141
30315600000,1.12575254369,0.00277149567713,0.742383345051
30325600000,1.16074026085,-0.0172398522675,0.770514799173
30335600000,1.18078279511,-0.0189418833373,0.789581642061
30345600000,1.21445992784,-0.00979820634956,0.805945821145
30355600000,1.25449171078,0.0108010617065,0.842437102119
30365600000,1.2654375048,-0.00123670906553,0.8306740229
30375600000,1.28884833483,0.00705557920721,0.85426677791
30385600000,1.28461519942,-0.000971355945762,0.859180984076
30395600000,1.26839133302,-0.00812470121921,0.844474769158
30405600000,1.27082636179,0.0175258008111,0.859101271504
30415600000,1.25097705434,-0.0115858014055,0.844334062961
30425600000,1.2609266034,-0.00804062326092,0.829398566419
30435600000,1.22037348216,0.0106056213207,0.817370536387
30445600000,1.20549025454,0.0129337535964,0.797096262824
30455600000,1.15983916683,0.00108707971884,0.783749273414
30465600000,1.13225794001,0.00300119375883,0.763935241071
30475600000,1.07347983992,-0.0180342716634,0.721345522952
30485600000,1.03112674418,-0.0115034444246,0.680422390721
30495600000,0.960586879377,-0.00640580185402,0.652902402548
30505600000,0.910948268326,-0.00244195375099,0.595969588373
30515600000,0.841481635289,-0.000920832346577,0.553277342594
30525600000,0.743666676867,-0.0031234510045,0.503875518466
30535600000,0.680262754689,-0.00330948396929,0.452502638175
30545600000,0.581348750242,0.00737208241188,0.386005009615
30555600000,0.497009285232,0.008419419042,0.338930913205
30565600000,0.42440224425,0.000696061676454,0.281809093898
30575600000,0.326873138434,-0.000131690420848,0.226738724476
30585600000,0.219240476282,-0.0127528654662,0.151603662154
30595600000,0.10819715511,-0.00871506594129,0.0786937612273
30605600000,0.0196479936216,-0.00397986250066,0.0360319042971
30615600000,0.0002816197276,0.00759172964467,0.00636806868806
30625600000,-0.0988995829708,-0.0130853480417,-0.0627421712876
30635600000,-0.198529115979,-0.0364718377165,-0.122352932948
30645600000,-0.327169766321,-0.0157278373933,-0.233037822277
30655600000,-0.448418865138,-0.0242958679615,-0.28201704476
30665600000,-0.565864962367,-0.0291933302145,-0.372471535242
30675600000,-0.678472267503,-0.0168562709902,-0.435192726776
30685600000,-0.771576948123,-0.00972885560815,-0.525451408593
30695600000,-0.869049244445,0.00462496998148,-0.576180828035
30705600000,-0.988091996129,-0.00150563310167,-0.656681133772
30715600000,-1.07303350068,-0.0143608759857,-0.725068172139
30725600000,-1.15426015944,0.00143647813236,-0.767423736602
30735600000,-1.26216330326,-0.00301618489319,-0.837050880546
30745600000,-1.33016656958,-0.0118240794529,-0.900997637266
30755600000,-1.4040402374,0.0135042617871,-0.955726789329
30765600000,-1.51467512175,-2.5319110197e-05,-1.01746554761
30775600000,-1.56318186375,0.00998135082623,-1.03277952016
30785600000,-1.66372682673,-0.00803205552234,-1.0888786472
30795600000,-1.70028665546,-0.0125626962432,-1.13888310142
30805600000,-1.75737788299,0.00042748247907,-1.15049613021
30815600000,-1.79707521225,0.00199059772889,-1.19089867959
30825600000,-1.8643009952,-0.00894855629338,-1.23812369415
30835600000,-1.84617799699,0.0255298397381,-1.24331018278
30845600000,-1.89444817103,0.0143561769364,-1.24876405269
30855600000,-1.90656758236,0.0555719243611,-1.26617105044
30865600000,-1.90946432983,0.0451033649106,-1.27453151449
30875600000,-1.88636379135,0.0577434093824,-1.27622620646
30885600000,-1.90125987591,0.0280015665557,-1.28076956289
30895600000,-1.88475519511,0.0666467719089,-1.2573664537
30905600000,-1.84999831183,0.0440394549277,-1.25827131305
30915600000,-1.83710901319,0.055446916174,-1.22816051646
30925600000,-1.80816242221,0.0538669973497,-1.20204424579
30935600000,-1.75874249653,0.0616744298306,-1.18301111014
30945600000,-1.68846308054,0.0606784007271,-1.14784575015
30955600000,-1.65863729936,0.07800499653,-1.08813259987
30965600000,-1.59255346845,0.0621084296154,-1.06250399233
30975600000,-1.510085907,0.0719178612215,-1.01315533734
30985600000,-1.43849277098,0.0594100861507,-0.995477650885
30995600000,-1.36860095096,0.0561904309986,-0.921837190469
31005600000,-1.28563047513,0.0611542359908,-0.868746807707
31015600000,-1.18552748426,0.0671313313784,-0.822761549826
31025600000,-1.09874824249,0.0575455088192,-0.738077611687
31035600000,-0.989315008176,0.0325110722885,-0.680680942465
31045600000,-0.891689844112,0.0128629059107,-0.617371792398
31055600000,-0.772350266191,0.0431216413072,-0.528628971221
31065600000,-0.675337042587,0.0370644017081,-0.461400139787
31075600000,-0.570341195069,0.0319519335064,-0.387119901827
31085600000,-0.445327113283,0.0127998410577,-0.323733244095
31095600000,-0.319673247323,-0.00422260289845,-0.246639459588
31105600000,-0.227793605361,0.00897553297307,-0.173562152885
31115600000,-0.103581993912,-0.00332224700426,-0.0594697000639
31125600000,-0.00487609052165,0.00793412822562,-0.0214662508434
31135600000,0.0671527352311,0.0077918184283,0.0378465751504
31145600000,0.179433651816,0.00442360968523,0.129186971387
31155600000,0.307460273259,0.00366317008317,0.211283830385
31165600000,0.424029216347,0.00351461061951,0.273988203201
31175600000,0.554918786897,-0.00909358514082,0.37162919378
31185600000,0.66520204229,-0.0192187137701,0.440745287779
31195600000,0.765175055392,-0.0311361976257,0.5296060943
31205600000,0.876655730463,-0.0362185684906,0.597612013286
31215600000,0.978392454262,-0.04874973772,0.667202680896
31225600000,1.08241013317,-0.07153718596,0.732800778756
31235600000,1.16970410233,-0.0700904206667,0.804584739941
31245600000,1.26825882779,-0.0648548235075,0.852545120635
31256200000,1.34092819958,-0.0913669665866,0.886967318356
31265600000,1.38522187626,-0.0817199199353,0.949322200105
31275600000,1.46345637084,-0.0793174297787,0.987752972875
31285600000,1.53312911397,-0.0800811722472,1.0480078636
31295600000,1.58345206512,-0.0742075497592,1.05001036311
31305600000,1.6447182817,-0.0684640697723,1.0994447205
31315600000,1.68899153379,-0.0579676780886,1.12917463542
31325400000,1.68940658183,-0.0665355657555,1.15873496366
31335600000,1.74444292371,-0.0648109103621,1.17752077703
31345600000,1.7564102517,-0.0343289492083,1.18925975918
31355600000,1.78316394967,-0.0277672670588,1.18801854488
31365600000,1.79766241243,-0.0232677011526,1.20774086562
31375600000,1.79135364386,-0.00237067442253,1.2039064653
31385600000,1.8037448701,-0.010665592664,1.19471506633
31395600000,1.77596853789,0.00237912235445,1.19122038266
31405600000,1.74908226154,0.0161367665649,1.17287433687
31415600000,1.73629027617,0.0601892605516,1.17529591957
31425600000,1.72876385728,0.0811856020745,1.1558291551
31435600000,1.67854759555,0.133630216047,1.14053867505
31445600000,1.63162380977,0.141033715798,1.10128383074
31455600000,1.59630420963,0.183532903003,1.0684711491
31465600000,1.52630570561,0.233776595946,1.04746774927
31475600000,1.47574619972,0.252656049295,1.01172749787
31485600000,1.40884792153,0.282514549242,0.972127095296
31495600000,1.35503455162,0.331456251979,0.948869787598
31505600000,1.27755346034,0.373462690117,0.901749691518
31515600000,1.21103928131,0.425417489811,0.863957845693
31525600000,1.12587582462,0.483412980466,0.828910757134
31535600000,1.06838422117,0.520655430158,0.789543079264
31545600000,0.973569094425,0.555195741061,0.719769590717
31555600000,0.886490109316,0.624322841813,0.679358033438
31565600000,0.812062061086,0.68561680267,0.601144758037
31575600000,0.741912879499,0.744598037821,0.580497613511
31585600000,0.655461886089,0.806814740812,0.525229388688
31595600000,0.579920784721,0.850471959236,0.468947502017
31605600000,0.506048439407,0.894368538692,0.433965459773
31615600000,0.445937645282,0.969928583328,0.365123174434
31625600000,0.3664359197,1.01095479929,0.324396387458
31635600000,0.298729871327,1.0717427407,0.25356571126
31645600000,0.21958699359,1.15725633885,0.203906411234
31655600000,0.176481248823,1.22561914197,0.157378410222
31665600000,0.11621189732,1.26928729927,0.119455034393
31675600000,0.0664900761876,1.33187985912,0.0491174043855
31685600000,0.013644438505,1.41386410061,-0.00469104314786
31695600000,0.00120522666572,1.46932991633,0.0039255475258
31705600000,-0.039208493021,1.51625979109,-0.0134399125837
31715600000,-0.0521208810267,1.57723084986,-0.0599833680453
31725600000,-0.0954256325659,1.63905092435,-0.106891789499
31735600000,-0.127004952384,1.70674060859,-0.15315748356
31745600000,-0.160084948504,1.77530813114,-0.168233427602
31755600000,-0.20935909726,1.83563159496,-0.231710038173
31766000000,-0.193585668758,1.87033727507,-0.264212865979
31775600000,-0.218495147433,1.95826568167,-0.297512533441
31785600000,-0.238021567041,1.99738490974,-0.311926404477
31795600000,-0.217475567972,2.05103558678,-0.34926680973
31805600000,-0.227522911294,2.09120596366,-0.330861944117
31815600000,-0.222073881239,2.14199498514,-0.358329942466
31825600000,-0.202441804897,2.185955801,-0.366189898077
31835600000,-0.204037794433,2.23734769978,-0.350316773671
31845600000,-0.179312881936,2.27466494832,-0.34898627051
31855600000,-0.178884102698,2.32132721205,-0.358364173179
31865600000,-0.143910009665,2.34941408445,-0.314564170991
31875600000,-0.124644960593,2.37587371706,-0.288784569439
31885600000,-0.109910754768,2.39054803245,-0.281762914578
31895600000,-0.0900564452337,2.41138718315,-0.232094569995
31905600000,-0.0668740738465,2.44783527258,-0.214599196101
31915600000,-0.0652273343934,2.46123424805,-0.18574068015
31925600000,-0.0321561798474,2.49481243701,-0.125622302739
31935600000,-0.0399896486966,2.48435432686,-0.0982332137894
31945600000,-0.0141104562672,2.48363008345,-0.0723735059118
31955600000,0.00488182435353,2.48638960657,-0.0303561011253
31965600000,0.0189075615272,2.51835912286,0.00156700789214
31975600000,0.00245631817376,2.48974875697,0.00316311663035
31985600000,0.00454484455732,2.49321285532,-0.00106984561909
31995600000,0.0210596800319,2.49616528401,0.0436769892724
32005600000,0.0122516202184,2.48186485621,0.11037359149
32015600000,-0.004861484628,2.45291798142,0.150709519221
32025600000,0.00701903525969,2.43776827547,0.215486880473
32035600000,0.00293947169426,2.39597428025,0.257417198719
32045600000,0.00043286827148,2.38230380881,0.290110897856
32055600000,-0.018828104148,2.34345338451,0.319913479458
32065600000,-0.0268031374001,2.30468071422,0.33874452367
32075600000,-0.0494236064233,2.29570116284,0.368183636457
32085600000,-0.025297688068,2.24657523102,0.376728449674
32095600000,-0.0600300396584,2.19396240326,0.39112639451
32105600000,-0.0603309294845,2.15051230512,0.392310491627
32115600000,-0.0640141390865,2.09209661828,0.37757001517
32125600000,-0.0728781114242,2.07701993148,0.37561410667
32134600000,-0.0770984921777,2.01019835668,0.380179891009
32145600000,-0.0931134764346,1.97252160144,0.344710968426
32155600000,-0.0883095245701,1.91787101687,0.334418246893
32165600000,-0.0948696334533,1.8385782252,0.30463939144
32175600000,-0.100293231226,1.78111407944,0.272056798167
32185600000,-0.0741326318895,1.70579462974,0.21921544664
32195600000,-0.0623212239642,1.67092228387,0.17834268865
32205600000,-0.0449028529315,1.6161928575,0.130539602651
32215600000,-0.0222102678014,1.548602679,0.0967125609182
32225600000,-0.00267415847355,1.49230300628,0.0186037877556
32235600000,0.00551437015994,1.41398374429,-0.0167498424145
32245600000,0.00870548299138,1.36110224515,-0.0204331603271
32255600000,0.00911464753615,1.31043305284,-0.0799154674279
32265600000,0.0841627472621,1.22696864584,-0.151276829567
32275600000,0.122036721313,1.17193124325,-0.251730810271
32285600000,0.169865915211,1.10015458996,-0.351519982393
32295600000,0.232917711784,1.03698762678,-0.425841541546
32305600000,0.265449439281,1.00437208743,-0.510429440025
32315600000,0.324435119376,0.912521364303,-0.597049339304
32325600000,0.379053435575,0.869377572882,-0.682505962524
32335600000,0.430557674597,0.797085398634,-0.773224049954
32345600000,0.485215187033,0.749138940878,-0.850300446128
32355600000,0.543476966027,0.706771039512,-0.933038182071
32365600000,0.598583275482,0.654537414926,-1.00293161549
32375600000,0.644970389489,0.599938578431,-1.06913386646
32385600000,0.697142798718,0.536008305503,-1.13607646973
32395600000,0.759807156486,0.498865474685,-1.19625677166
32405600000,0.819807257753,0.439334062837,-1.28594212198
32415600000,0.855775064632,0.391999718161,-1.36140188535
32425600000,0.910333617187,0.363134422381,-1.45131241257
32435600000,0.9442867397,0.326661712854,-1.48842814527
32445600000,0.99034132987,0.273190703417,-1.54437347569
32455600000,1.03746356463,0.253462399716,-1.59473687595
32465600000,1.06943516457,0.219425462324,-1.63502406078
32475600000,1.12195224886,0.199960974862,-1.67090589132
32485600000,1.12028619136,0.149457222001,-1.70964807454
32495600000,1.16047263109,0.118400173073,-1.74230414877
32505600000,1.19290133217,0.0933588812053,-1.76463982119
32515600000,1.20321024835,0.0645228823767,-1.78195782597
32525600000,1.2242963866,0.029891802214,-1.78613956691
32535600000,1.22036173993,0.0100826812409,-1.80860928188
32545600000,1.22238606156,0.0130209255719,-1.81613795251
32555600000,1.21369410183,0.0303060009306,-1.78218610516
32565600000,1.20868395128,0.00150361339313,-1.82084869281
32575600000,1.21915426349,-0.00500052652819,-1.79568363703
32585600000,1.19207340749,0.0165035599608,-1.75695123943
32595600000,1.19036263376,0.00439884647487,-1.74350801368
32605600000,1.16047384571,-0.0348767085845,-1.72862311773
32615600000,1.12468204741,-0.0276701318699,-1.66483081652
32625600000,1.08011217861,-0.0309632069213,-1.61068429449
32635600000,1.02722977659,-0.0444172155185,-1.56898957917
32646200000,0.997847941651,-0.05909936676,-1.48146983721
32655600000,0.961834096805,-0.0597687805835,-1.41127881992
32665600000,0.908898669673,-0.0579381976383,-1.34854762829
32675600000,0.832977134776,-0.0527752731447,-1.28812103334
32685600000,0.796547927882,-0.0533385898536,-1.1838188026
32695600000,0.728578877889,-0.0413881285145,-1.08302537973
32705600000,0.66152856774,-0.051244772392,-0.979920997101
32715600000,0.578069163838,-0.0427242678053,-0.901272922893
32725600000,0.530078452508,-0.0336071123233,-0.791698430349
32735600000,0.456329213585,-0.0253759866548,-0.678413900339
32745600000,0.371985111759,-0.0181291434693,-0.581612314818
32755600000,0.317240525819,-0.0238986438944,-0.463223142573
32765600000,0.211093937978,-0.00415084884026,-0.355095194316
32775600000,0.140190071187,-0.0121926691112,-0.212392375904
32785600000,0.0547352901384,0.00822968169741,-0.0999461255352
32795600000,0.0215945708541,-1.1855959162e-05,0.00640971888099
32805600000,-0.0323395209824,0.0144195213147,0.0672458393438
32815600000,-0.11809171168,-0.00555242858371,0.166621052667
32825600000,-0.202442238797,0.00412421279235,0.29491731387
32835600000,-0.288694967458,-0.00500049723447,0.425132726784
32845600000,-0.370882797609,0.0190413160985,0.564813981116
32855600000,-0.443413339239,0.00291718520071,0.67967828545
32865600000,-0.523768952671,0.031697659067,0.786397534349
32875600000,-0.590452139188,0.0220097769908,0.907825418802
32885600000,-0.667972855718,0.0430687848083,1.0216826893
32895600000,-0.731086999562,0.0378075098906,1.13777830083
32905600000,-0.833982379742,0.0378135205927,1.22052949702
32915600000,-0.863254182637,0.0418899300315,1.29940819979
32925600000,-0.897901424825,0.0599149161828,1.40623445308
32935600000,-0.993748910757,0.0477629444479,1.48476738747
32945600000,-1.02788335742,0.0756096143396,1.5466764356
32955600000,-1.05901858509,0.0643620685367,1.61504636262
32965600000,-1.13468263895,0.0608687419762,1.67259908442
32975600000,-1.15023925861,0.0576766225736,1.72253877828
32985600000,-1.19760134974,0.042165638272,1.78460114255
32995600000,-1.23182207414,0.0620696417874,1.80137132974
33005600000,-1.24688651472,0.0286608701557,1.86974050815
33015600000,-1.27233043704,0.0480567696842,1.88245683763
33025600000,-1.2783110662,0.0282893167525,1.91250118104
33035600000,-1.29587404003,0.0463278235906,1.91690044096
33045600000,-1.28694634411,0.033401381453,1.92045035053
33055600000,-1.30383654271,0.0474698872834,1.92265414426
33065600000,-1.29013257379,0.0414197463881,1.89943408876
33075600000,-1.27837912151,0.0221249909828,1.88926934942
33085600000,-1.26036616939,0.0482953343778,1.85313580755
33095600000,-1.23342607213,0.0357741999651,1.82622443416
33105600000,-1.20034715534,0.0378604388312,1.79789634306
33115600000,-1.17289888625,0.0160694682232,1.72939656979
33125600000,-1.12912789656,0.0204844905566,1.68064038649
33135600000,-1.09898152369,0.0233738467913,1.63323805739
33145600000,-1.06444015288,0.0147684735344,1.57340614828
33155600000,-1.01505963861,-0.0195907120656,1.50306694455
33165600000,-0.973576101504,-0.0195497959658,1.40506921862
33175600000,-0.912668022524,0.011041910262,1.33021328197
33185600000,-0.853958737013,0.012209197149,1.26831700631
33195600000,-0.777175024961,-0.00654178155305,1.16707166537
33205600000,-0.709896834423,-0.000997113787018,1.08962524837
33215600000,-0.649278437085,0.00355559326267,0.992489703353
33225600000,-0.579902695347,-0.0149294635988,0.879615187222
33235600000,-0.532064914069,-0.02097214781,0.789511894494
33245600000,-0.459630913855,-0.00682812422148,0.682005911703
33255600000,-0.382670913663,0.0108060512607,0.583320225424
33265600000,-0.326973429744,0.00688562673839,0.460338917079
33275600000,-0.240905004303,-0.0217234315899,0.368173033703
33285600000,-0.187471034918,-0.0153858006465,0.263288331946
33295600000,-0.112582363311,-0.0197255321727,0.15258916988
33305600000,-0.0562522760404,-0.0150859706774,0.0592873599338
33315600000,0.0168832638458,-0.0179518631801,0.0104309491587
33325600000,0.0367297325976,-0.00197498154665,-0.0826443695453
33335600000,0.119244603454,0.000634420229873,-0.177273089871
33345600000,0.184631461097,-0.0176594378815,-0.295204442623
33355600000,0.256869562157,-0.0119456087521,-0.385640799253
33365600000,0.336549276719,-0.0272907783619,-0.488854532922
33375600000,0.385365469376,-0.022937838843,-0.59575356419
33385600000,0.450482975322,-0.0352654758914,-0.686327837556
33395600000,0.514215695499,-0.0302922264543,-0.758319364252
33405600000,0.550676357451,0.00161476886271,-0.837026192199
33415600000,0.611536601942,-0.0177322783052,-0.899596248676
33425600000,0.659893488458,-0.00576275195682,-0.952469529884
33435600000,0.686551792699,-0.0077214611141,-1.0423466849
33445600000,0.731220543436,-0.0197932197247,-1.10711255972
33455600000,0.779018001752,-0.0111405198419,-1.13907502865
33465600000,0.794260525889,-0.0161859097876,-1.17252443517
33475600000,0.828471275607,0.00880959901084,-1.21067154199
33485600000,0.823438589587,-0.0138785054538,-1.23597957687
33495600000,0.844772602633,-0.0063978399272,-1.27611644404
33505600000,0.86455818494,-0.0105957433716,-1.26550177625
33515600000,0.872833513908,0.00781969728749,-1.28775506229
33525600000,0.867041038487,-0.00138094797864,-1.30148351041
33535600000,0.866311122911,-0.00635885154773,-1.28669862729
33545600000,0.869811335891,-0.0183205613764,-1.27611599473
33555600000,0.847080741526,0.0025016723674,-1.27526512735
33565600000,0.843973781655,0.0145760769071,-1.25625739081
33575600000,0.807417134877,0.00683139376195,-1.2037986517
33585600000,0.798938081764,0.00958635419547,-1.19217670031
33595600000,0.788374272054,0.00857656324949,-1.15968961654
33605600000,0.756304668957,0.0183393414588,-1.10918744956
33615600000,0.712042102925,0.0286566399285,-1.05140485192
33625600000,0.690486428209,0.00895925094653,-1.03411455006
33635600000,0.647767330396,0.00386250130408,-0.952226151622
33645600000,0.611616505672,0.0149355039398,-0.913845182499
33655600000,0.555687597655,0.00516075411286,-0.85681461071
33665600000,0.529133704036,0.00730476024704,-0.788576062968
33675600000,0.468625076709,0.00494803711368,-0.713379358759
33685600000,0.429129119152,-0.00326863718016,-0.655064315873
33695600000,0.385748591347,0.0171595680727,-0.568833202793
33705600000,0.31616476863,0.0128612572136,-0.516427240847
33715600000,0.289471827852,0.0120086298775,-0.436240730663
33725600000,0.248988194741,-0.0165575599131,-0.357334960226
33735000000,0.197748589285,-0.00516534130343,-0.271975220538
33745600000,0.158184739801,-0.00642010161123,-0.209150824766
33755600000,0.0869017667799,0.00367831198638,-0.110887611161
33765600000,0.0524220245191,0.0149226294727,-0.0567276753849
33775600000,0.00716731876499,0.00647541764565,0.00400073928905
33785600000,0.000867906654091,0.00498251771316,0.00565694207328
33795600000,-0.0408986007848,-0.000539037422639,0.0835520248579
33805600000,-0.111269526463,-0.00426186912291,0.16932038306
33815600000,-0.175332323459,0.00834348516868,0.248593468896
33825600000,-0.229615464066,-0.0123069635485,0.342721192977
33835600000,-0.291975361286,-0.000160096919982,0.426788083843
33845600000,-0.323517734052,-0.0109631585109,0.454532776586
33855600000,-0.366775683082,0.013748018529,0.544015079805
33865600000,-0.397683951666,-0.0020978835526,0.594104480146
33875600000,-0.450509937348,-0.01276778001,0.671176330357
33885600000,-0.483555338434,-0.0150326017691,0.720205910379
33895600000,-0.507407212122,-0.0102218290393,0.765287027447
33905600000,-0.549227249713,-0.00812111342614,0.796554318109
33915600000,-0.562912403942,-0.0156986712217,0.849034477948
33925600000,-0.595468618675,0.0028889833174,0.875750337916
33935600000,-0.61511662236,0.00097785364737,0.905576717382
33945600000,-0.637406388293,-0.0139872041878,0.917211912015
33955600000,-0.652484741201,0.00442959418888,0.965932137673
33965600000,-0.663493724324,-0.00173233935706,0.965986452854
33975600000,-0.671047624424,0.00014237133375,0.99132290915
33985600000,-0.668494185314,0.00933965232019,1.01205669516
33995600000,-0.672154764758,-0.00548591077824,1.00828476114
34005600000,-0.700868775626,-0.000699392220849,0.98439538232
34015600000,-0.676653924162,-0.0100468841465,1.01608242892
34025600000,-0.679854632801,-0.00197141847738,1.01052186853
34035600000,-0.68094148344,-0.000647293235922,0.997082087436
34045600000,-0.657826339003,0.00107566777369,0.99564851351
34055600000,-0.657873898025,0.00878536699759,0.967755449204
34065600000,-0.62738856715,-0.00203140477092,0.954825342601
34075600000,-0.635811453096,-0.00596451189228,0.949020786366
34085600000,-0.62578255025,-0.00476460701645,0.927312625099
34095600000,-0.592408337114,-0.00279965775551,0.892210634035
34105600000,-0.575771349009,-0.00627912252482,0.848719799174
34115600000,-0.563191849451,-0.00714818958917,0.834168874768
34125600000,-0.527485015456,0.0166916459322,0.793818073198
34135600000,-0.508227200234,0.00305266893145,0.759690493877
34145600000,-0.495231304911,-0.00499094373942,0.743679038472
34155600000,-0.469395026846,0.0052008741308,0.694190764029
34165600000,-0.429013514275,0.00530351924103,0.664043162215
34175600000,-0.410431917776,-0.00768713952135,0.611594545664
34185600000,-0.379450823557,0.0160119438126,0.58631235243
34195600000,-0.363501906601,-0.00660714492667,0.517113326067
34205600000,-0.339991518232,0.0154904281313,0.477124022121
34215600000,-0.30353312982,0.013084510713,0.454573106315
34225600000,-0.29816213117,-0.00566484991118,0.398839504438
34235600000,-0.274835686794,-0.00929030955538,0.365370751886
34245600000,-0.219020596912,-0.0306282415598,0.330952836761
34255600000,-0.194629270703,-0.0295417654431,0.280914477866
34265600000,-0.177355005289,-0.0641529969888,0.274903440985
34275600000,-0.145297072241,-0.076877595418,0.2018872203
34285600000,-0.143677160015,-0.100365150329,0.182357658012
34295600000,-0.124270226274,-0.0951334987034,0.140906119246
34305600000,-0.0826360280169,-0.112212908014,0.129721930583
34315600000,-0.047662864851,-0.122332918099,0.0761594622329
34325600000,-0.037155388047,-0.15276454389,0.0475408327383
34335600000,-0.0326915075087,-0.164993314773,0.0112770445459
34345600000,-0.00825633480612,-0.165541855906,0.00780434227386
34355600000,0.00165679715513,-0.210736255763,0.0180306801823
34365600000,-0.00655630725625,-0.220315396512,-0.00240222844523
34375600000,-0.00638354141907,-0.237264968701,-0.00334642817304
34385600000,0.0364848437595,-0.236107784796,-0.0281189621826
34395600000,0.033111391725,-0.284460941096,-0.0610721365774
34405600000,0.0712334429533,-0.28740711951,-0.0970272726447
34415600000,0.0729696967255,-0.313001378577,-0.118865090551
34425600000,0.0736295270528,-0.319281143693,-0.134437493113
34435600000,0.0809229511257,-0.352366865737,-0.167124163915
34445600000,0.100735129498,-0.363924593169,-0.16440926832
34455600000,0.111036131559,-0.395391335565,-0.202869175945
34465600000,0.107267075751,-0.401507592205,-0.185286958443
34475600000,0.121188278845,-0.437957435946,-0.208695758547
34485600000,0.118202864284,-0.432542588104,-0.19585604829
34495600000,0.113370780313,-0.477538312294,-0.215405751602
34505600000,0.125866261384,-0.488618846118,-0.215496404769
34515600000,0.109835246542,-0.501228983857,-0.204318169592
34525600000,0.109457432143,-0.54300473035,-0.213039103725
34535600000,0.127688791957,-0.538450256366,-0.213660088999
34545600000,0.104231451542,-0.556586859992,-0.210719846921
34555600000,0.0911020728438,-0.573857465607,-0.198349234396
34565600000,0.0966324753996,-0.616219744002,-0.178851521303
34575600000,0.0775588725022,-0.637095926866,-0.179086700403
34585600000,0.086613363006,-0.618924655289,-0.171390660483
34595600000,0.0747961267641,-0.627460838239,-0.145536829243
34605600000,0.0824956819806,-0.652594494356,-0.143587998549
34615600000,0.0572165598667,-0.664868400579,-0.13738186267
34625600000,0.03990452553,-0.669533187878,-0.123894167036
34635600000,0.0492458861127,-0.685691085374,-0.103531048772
34645600000,0.0487959282648,-0.688450741277,-0.0924803926667
34655600000,0.0661169524982,-0.70845436554,-0.107719779838
34665600000,0.0344900639072,-0.701275254127,-0.0852531681153
34675600000,0.0280671936704,-0.710495143308,-0.0812134727894
34685600000,0.0280435170586,-0.706087958954,-0.0569511536588
34695600000,0.0295752635827,-0.706250262744,-0.0539025920243
34705600000,0.0191706452671,-0.69431694612,-0.0525223134322
34715600000,0.0369379555651,-0.733233797942,-0.0365709400395
34725600000,0.0165808228449,-0.699395196442,-0.0143538608624
34735600000,0.0116730545825,-0.703722223135,-0.00660668699905
34745600000,-2.71293102654e-05,-0.704828975959,-0.00503827752501
34755600000,-0.00102404153832,-0.680881635725,0.0039908584386
34765600000,-0.0107543827529,-0.679357831296,-0.00547857321804
34775600000,0.0198940439302,-0.690367795787,0.00477191825457
34785600000,-0.0108850481048,-0.675580774527,-0.00581603009034
34795600000,-0.00708571143613,-0.642194366093,-0.0173528019841
34805600000,-0.0258484967229,-0.649426747027,-0.0134911202182
34815600000,0.00219896173617,-0.624497642861,0.00520787308524
34825600000,-0.00318481157873,-0.610371961874,-0.0165485232062
34835600000,0.015263476725,-0.587888506563,-0.0217803500605
34845600000,0.0176110836138,-0.599533447053,-0.0154262706407
34855600000,0.0104169572878,-0.566684194737,0.007143431654
34865600000,0.0111620164726,-0.558766493902,-0.0156427307153
34875600000,-0.00707878047335,-0.563095826054,0.013642447721
34885600000,0.0026083121185,-0.537273848958,0.00199658134052
34895600000,0.00576161291618,-0.504727449412,-0.020122319814
34905600000,0.00131309054703,-0.479887818271,-0.00399704504285
34915600000,-0.00238227672037,-0.45981718253,-0.00576526607324
34925600000,-0.00243947730761,-0.442116399656,-0.00253409566904
34935600000,0.00393029955118,-0.419519347441,0.00138317735166
34945600000,-0.00487207681222,-0.398888049067,0.0179110777221
34955600000,-0.0100713411803,-0.388591576898,-0.00979657568436
34965600000,-0.0118660172202,-0.377801935522,-0.00423686525813
34975600000,0.00782405106731,-0.366538897955,0.00160020805596
34985600000,0.00863766888988,-0.312461612839,-0.0060512059288
34995600000,-0.0105109732412,-0.328496018197,-0.0110479867221
35005600000,0.0141889650021,-0.315199231449,-0.00622871221749
35015600000,0.0137479681681,-0.292233997579,-0.0130551915623
35025600000,0.00043249357033,-0.289351233709,0.0108714955133
35035600000,-0.00171911255,-0.268667055148,-0.00899563378927
35045600000,0.00155884513842,-0.262107750732,-0.00531181248025
35055600000,0.012559410886,-0.248489706403,0.0068528980024
35065600000,-0.00336308324893,-0.252458612877,0.0170668021402
35075600000,-0.000726977971501,-0.24619595131,-0.0088534641884
35085600000,0.00787314197678,-0.238828174868,-0.0172019221301
35095600000,-0.0138306474199,-0.21831108744,-0.0305657212146
35105600000,0.00855679456461,-0.220002234574,-0.0124914216826
35115600000,0.0144444271086,-0.225467395996,-0.0441658025563
35125600000,0.0192333269366,-0.231474425431,-0.0545973838014
35135600000,0.0112104686862,-0.207268443777,-0.0629233407247
35145600000,-0.00300175593998,-0.220597795033,-0.0370434134819
35155600000,0.0213378733908,-0.215961597711,-0.0621573430383
35165600000,-0.00206906257888,-0.226620832221,-0.0388779161055
35175600000,0.00914484185731,-0.216095804302,-0.0490548625537
35185600000,0.00550048129719,-0.232613486441,-0.0607177055402
35195600000,0.0182769614804,-0.241643000555,-0.040616940706
35205600000,0.00589757071329,-0.247199421333,-0.0419899166006
35215600000,-0.00379464769602,-0.260666521991,-0.0473688423486
35225600000,-0.0117141143731,-0.269589027781,-0.0534000547482
35235600000,0.00115157145682,-0.275862910628,-0.0492810963383
35245600000,0.00398442238509,-0.305348049534,-0.0343387321127
35255600000,0.0115059873337,-0.30750501264,-0.0370747621494
35265600000,-0.0039216071899,-0.328608250877,-0.023580396308
35275600000,0.0193914991597,-0.329848561024,-0.0219636159032
35285600000,0.00504460842783,-0.341013104368,-0.0109312619977
35295600000,0.00870892933204,-0.364414066383,-0.00569576119511
35305600000,0.0119926311015,-0.37603594392,-0.034827506643
35315600000,-0.00834003286018,-0.393065290644,0.00221083477613
35325600000,-0.0141693431075,-0.40757196444,-0.0104021150001
35335600000,0.0009752296625,-0.42885630453,0.0034457436208
35345600000,0.00954773695564,-0.454831518409,-0.00332218748858
35355600000,-0.00331460530772,-0.476085409189,0.00108597470476
35365600000,0.00184096647593,-0.470285577505,-0.0153812478019
35375600000,-0.00177672461681,-0.484729623153,-0.00739194384002
35385600000,-0.00562083701455,-0.51594182331,-0.0110301654796
35395600000,-0.00926560355153,-0.532056738853,-0.00180009567784
35405600000,0.0185102809291,-0.546409224402,0.0144692528509
35415600000,-0.00343656884471,-0.603551965926,0.0100928463556
35425600000,0.0116828150991,-0.565803436202,-0.0142398426766
35435600000,0.0136806154035,-0.576111668376,0.0070076571046
35445600000,0.00706816740923,-0.589617303986,-0.00123257953722
35455600000,-0.00427820276927,-0.593749843052,0.00137741705227
35465600000,-0.0101084916665,-0.606765179358,-0.0147179529614
35475600000,0.00365175020139,-0.631112589854,-0.00502535095279
35485600000,0.00307089399059,-0.644246913679,-0.00657257665604
35495600000,0.00605762535811,-0.634536901346,0.0146072855035
35505600000,-0.00284334817782,-0.640520099422,0.00847977201414
35515600000,-0.0154442868852,-0.650606298473,0.000365028171485
35525600000,0.00137494655269,-0.652548583424,0.0155462397766
35535600000,-0.0138421931905,-0.676854815888,-0.00828796232812
35545600000,0.0144419898431,-0.6633050712,-0.0144704503672
35555600000,0.00374513695255,-0.672187661583,0.000105081422124
35565600000,-0.00895784811873,-0.664887429423,0.00825241704283
35575600000,0.00972980095647,-0.649443347858,-0.00491478432348
35585600000,0.0150046322841,-0.641021648308,0.00562777510725
35595600000,-0.000330622689015,-0.669015105419,0.00599540937407
35605600000,-0.011555836299,-0.659040741318,-0.00269189373331
35615600000,0.0070817753613,-0.64382088855,-0.000120745152018
35625600000,0.00236656944914,-0.650573017642,-0.00229771524313
35635600000,0.000638427694227,-0.615468441549,0.00654141745023
35645600000,0.00353478841306,-0.633449103287,-0.0070026131617
35655600000,0.00956573310505,-0.614872732252,0.0175725874677
35665600000,-0.00834168240658,-0.575798091737,-0.00813386127234
35675600000,-0.00213434043562,-0.575291343047,0.000934079152268
35685600000,0.00817126497617,-0.555914582585,-0.0172383459687
35695600000,-0.0120168854461,-0.532040690174,-0.00783517442761
35705600000,-0.00543962024265,-0.541510289958,0.00417875478349
35715600000,-0.00913670604869,-0.52073907194,0.00726201616371
35725600000,0.020395464326,-0.518062110823,-0.0135202074982
35735600000,-0.00484953994774,-0.468089022032,0.00663256354126
35745600000,0.00365101652574,-0.486712666245,0.0110332011068
35755600000,-0.000197887355998,-0.466671576971,-0.00864825204262
35765600000,0.00562797715953,-0.431057053958,-0.00311889431512
35775600000,0.0118508079826,-0.428894864125,-0.00321405443887
35785600000,0.012182076597,-0.411611965323,0.000605472829916
35795600000,-0.0116394509389,-0.378301975167,-0.00768055564267
35805600000,-0.00294843152785,-0.377437755643,-0.00982898614331
35815600000,-0.0193653337208,-0.369135694366,-0.0227644712559
35825600000,-0.0114716172851,-0.350260217495,-0.00542650354857
35835600000,-0.0042809610604,-0.346367002658,-0.0243803749053
35845600000,-0.00393942333867,-0.329042164788,-0.0320012643683
35855600000,-0.0113718036081,-0.308087152908,-0.0391192885191
35865600000,-0.00522078125742,-0.315352932619,-0.0210814790299
35875600000,0.00198241525321,-0.287677812947,-0.0089613341514
35885600000,0.00181092619995,-0.287176609229,-0.0109200624845
35895600000,-0.0129463652898,-0.283279376603,-0.0216812334439
35905600000,-0.0012578300222,-0.27682633469,-0.00191433006162
35915600000,-0.0089447536807,-0.26008010046,-0.0178817115515
35925600000,-0.0122170666331,-0.270025748139,-0.0199793892323
35935600000,-0.00694693731404,-0.264368149116,-0.00287695638319
35945600000,0.00611916595761,-0.253259887123,0.00541856318702
35955600000,-5.13160131187e-05,-0.23341213231,0.00264882263675
35965600000,0.00269067468214,-0.246452666917,-0.00368182172866
35975600000,0.00316759484379,-0.231210358254,-0.0226292602366
35985600000,-0.0160679683826,-0.244499216653,0.00568304684368
35995600000,-0.00519568802867,-0.235586650165,-0.00701587209274
36005600000,-0.000634697048126,-0.250430161608,0.0046484217687
36015600000,0.000807914121465,-0.258181275452,-0.0210686271284
36025600000,0.00861526231224,-0.257865769305,0.00811113208721
36035600000,-0.00930498213638,-0.258939445054,0.00340959371445
36045600000,0.00698960139861,-0.284562301835,0.0067290081672
36055600000,-0.00686964312891,-0.29345212206,0.0044851572876
36065600000,-0.010483032284,-0.308503799921,-0.0128010129936
36075600000,0.00629609575364,-0.329817376933,-0.0239314995819
36085600000,-0.00166376945497,-0.351856798776,-0.0138361443407
36095600000,-0.00776628098824,-0.353718370642,-0.0190479839501
36105600000,-0.0135257538733,-0.368827905338,0.0116537629728
36115600000,0.000551074985678,-0.366009840779,-0.000883740889394
36125600000,0.00627532766731,-0.398589508118,-0.00394263355726
36135600000,-0.00467334986888,-0.40029278197,0.0153519321931
36145600000,-0.00624836807246,-0.437028189955,0.0120418183831
36155600000,0.00319431776753,-0.438788234876,0.0282050579363
36165600000,0.0137623324501,-0.462581827523,0.0325319576133
36175600000,0.011084453731,-0.465294735606,0.0257122000507
36185600000,0.00486119287966,-0.481250084244,0.0377762502542
36195600000,0.0186164192967,-0.517230639802,0.0260559457686
36205600000,0.020268732758,-0.53380706846,0.0351042583385
36215600000,0.00458390064,-0.509369548722,0.0340558276097
36225600000,0.016629751215,-0.540351687288,0.0116740444252
36235600000,0.0200241267283,-0.544573026546,0.0224117521224
36245600000,0.000420358311921,-0.565419551632,0.0212785392852
36255600000,-0.00280638452384,-0.595752966621,0.00113508838624
36265600000,0.00309682992944,-0.604485269907,0.0138483701823
36275600000,0.00937413803932,-0.620846487961,0.0263587640878
36285600000,0.000167679835747,-0.635240216875,0.0051436107266
36295600000,-0.0063735144722,-0.633830404032,0.0201397336083
36305600000,0.0106523144302,-0.636756336041,0.0109722053278
36315600000,0.00166942013766,-0.651322575836,0.00272503157289
36325600000,-0.00241121834711,-0.659543124736,-0.000605350574635
36335600000,0.00742291536636,-0.66473627129,0.0105639490697
36345600000,-0.00976804187389,-0.668614875719,0.00181121308894
36355600000,-0.00862684061446,-0.660041689188,-0.00977386007719
36365600000,-0.0106689060614,-0.650169527473,0.00497564757294
36375600000,0.00116506142038,-0.657363011599,-0.00989165990812
36385600000,0.00316521622601,-0.670398652645,-0.00985978209788
36395600000,-0.00503903766967,-0.649093096637,0.0168217428968
36405600000,0.0142289464823,-0.659736561108,0.00895471408023
36415600000,-0.0118327077255,-0.644255337292,0.00600969442071
36425600000,0.0146524599587,-0.656025490793,0.000832638546013
36435600000,0.00588355543415,-0.611275282494,0.00557770356895
36445600000,-0.0220333756978,-0.643916727535,0.0066837194185
36455600000,0.00812243013925,-0.595926503471,-0.000371806584974
36465600000,-0.00846498037108,-0.617137099393,0.00465292442888
36475600000,-0.00139193199494,-0.589168436971,-0.00892438466504
36485600000,-0.00460404498516,-0.610948941802,-0.00426168157303
36495600000,0.00287819771755,-0.554206527238,0.025280637191
36505600000,-0.0129349690664,-0.538326151375,-0.0121834449553
36515600000,-0.00281327025458,-0.565939817776,-0.00195011085426
36525600000,0.00151235847979,-0.534341125309,-0.0130223864113
36535600000,0.0100712707216,-0.512865012842,-0.0126460650517
36545600000,-0.00946271174034,-0.497064900032,-0.00723782147654
36555600000,-0.00575738695566,-0.505536898682,0.013683890285
36565600000,-0.000168207941469,-0.475135273628,-0.01782336365
36575600000,-0.00769657936634,-0.43789888545,-0.0089322213757
36585600000,0.00167575665974,-0.435814833381,0.018454714339
36595600000,0.0116526264101,-0.429491644608,0.0197242070953
36605600000,-0.0144541180086,-0.39717835304,0.000886324770673
36615600000,0.0110835314484,-0.384881201709,0.00606936158411
36626600000,-0.00292411505667,-0.376812883962,0.00119057545123
36635600000,-0.000857679857634,-0.350011384163,-0.0154997789108
36645600000,-0.00583789037614,-0.353151925241,-0.0157887861955
36655600000,0.0043319517734,-0.319429044253,-0.000300679351129
36665600000,-0.00225022261209,-0.315169988597,-0.00405846881948
36675600000,0.0114337195256,-0.298797681787,-0.0149742963323
36685600000,-0.0178981847501,-0.283716052821,-0.00266122227689
36695600000,0.0144719415938,-0.251929785142,0.00380617637261
36705600000,-0.00937932100994,-0.269595602648,0.00676300518253
36715600000,0.00275081805967,-0.250383474558,0.00362183070328
36725600000,0.00511584246905,-0.24229142271,0.0102753857224
36735600000,0.00875182761203,-0.237922089455,0.0264634129606
36745600000,0.0239294538366,-0.224294805293,0.0397363619701
36755600000,0.0177673762999,-0.245519078806,0.0195179007628
36766000000,0.030389088929,-0.227344467915,0.0371619620333
36775600000,0.0131848993018,-0.21375506828,0.0325238350913
36785600000,0.022112418133,-0.224214887655,0.0463849512092
36795600000,0.0297255140627,-0.219333595654,0.0554180057541
36805600000,0.0471326510801,-0.232261020276,0.0462821626786
36815600000,0.0416045173182,-0.19872155413,0.0504092082102
36825600000,0.0395182375978,-0.219966257761,0.0442738189912
36835600000,0.0262879586419,-0.221353497175,0.0307903974137
36845600000,0.0124850263657,-0.230422610455,0.0434572303058
36855600000,0.00452027723745,-0.22600674351,0.0526958541599
36865600000,0.0416702095869,-0.25068985242,0.0224791067943
36875600000,0.0344659768508,-0.252125973129,0.0577151504602
36885600000,0.0254604779313,-0.283496300833,0.0324631735267
36895600000,0.0218737997625,-0.296180580614,0.0105786057785
36905600000,0.0295461401856,-0.295585026209,0.0223429922885
36915600000,0.0075827114055,-0.314961410379,0.0293604864709
36925600000,0.00656308608896,-0.32289472823,0.012343438267
36935600000,0.0168472962718,-0.353085228374,0.00910384041169
36945600000,0.0103118849919,-0.34752480333,0.0113752138311
36955600000,0.00643277910792,-0.383022813442,-0.0130821420623
36965600000,0.011995950429,-0.407151021899,0.00776688894372
36975600000,0.0111112835666,-0.420970001083,-0.0150925747214
36985600000,-0.0260701173704,-0.430483480316,0.00603438322791
36995600000,-0.0108617461865,-0.446909568034,-0.0023658673054
37005600000,0.00487053863346,-0.457348565198,-0.00262531525263
37015600000,-0.0087793425672,-0.479127376003,-0.0103412282007
37025600000,-0.00174225158612,-0.496524977249,0.026966360729
37035600000,-0.00489055475821,-0.507245731546,0.00321541645608
37045600000,0.0132430446152,-0.54495715523,0.0160738561641
37055600000,-0.0144311575964,-0.551739859801,0.000763304736947
37065600000,0.00617552757309,-0.569057894003,0.0108519411972
37075600000,0.00149507935678,-0.579352530803,-0.00897925557957
37085600000,-0.00779952093589,-0.624602237679,-0.00953138509225
37095600000,0.0110530685861,-0.61160920293,-0.00543086561009
37105600000,0.000781943392994,-0.63612694093,-0.00303851824373
37115600000,-0.00950426069783,-0.633978675715,0.00741304064061
37125600000,0.013959816725,-0.658835007598,-0.0111308139814
37135600000,-0.00778482484721,-0.644593684923,0.00162252163502
37145600000,-0.00341339292504,-0.662736451693,-0.0124909667051
37155600000,-0.0122011740095,-0.680304052797,-0.0198269034609
37165600000,0.000309442051731,-0.682024046887,0.000195933074442
37175600000,0.0155677089152,-0.70211610345,-0.0200903336618
37185600000,-0.00426324523963,-0.692685243811,-0.0114908632622
37195600000,-0.0068497838719,-0.719594770977,0.00283524099701
37205600000,0.00540874939313,-0.712238781411,-0.0133908376144
37215600000,0.0121683624239,-0.706497261172,0.0107733009873
37225600000,0.0170140284526,-0.721534994762,-0.00558364680447
37235600000,0.0252642088009,-0.697849531484,0.0140585978435
37245600000,0.0542073110318,-0.707149503972,0.0405215285086
37255600000,0.0740901126298,-0.689043003867,0.051509025453
37265600000,0.0617628836473,-0.686547529676,0.0739969098598
37275600000,0.0761257606348,-0.698468147499,0.0733436153784
37285600000,0.090049290898,-0.662907288249,0.0799968496593
37295600000,0.107245030232,-0.685595533688,0.0919292051746
37305600000,0.133778198634,-0.673740194716,0.107545078861
37315600000,0.118715701079,-0.662074388131,0.110710362159
37325600000,0.123801817864,-0.636297107936,0.107620719406
37335600000,0.120476031414,-0.623800824539,0.116529318313
37345600000,0.140345984678,-0.624016123764,0.129615199162
37355600000,0.160262198965,-0.601729118204,0.11895897274
37365600000,0.176764874474,-0.577219896396,0.137968471675
37375600000,0.183294246545,-0.581941137612,0.129619142385
37385600000,0.186468943037,-0.548165705045,0.139916970166
37395600000,0.187137153496,-0.54414756448,0.14952277815
37405600000,0.194021650179,-0.515811806542,0.148648981991
37415600000,0.18539102789,-0.510473311712,0.137468839561
37425600000,0.191895132924,-0.48184240972,0.141260777805
37435600000,0.191837778958,-0.44679491981,0.140089887691
37445600000,0.194834434602,-0.433774332645,0.130923022978
37455600000,0.184896978901,-0.417990107477,0.13777028731
37465600000,0.175779256834,-0.40462458497,0.127664498922
37475600000,0.169050545933,-0.38843944153,0.126589716028
37485600000,0.164747525315,-0.352441134527,0.120276664919
37495600000,0.157603498696,-0.342480112532,0.134703669423
37505600000,0.14351301543,-0.326671850953,0.111555389675
37515600000,0.133484164624,-0.300562666721,0.0927837237556
37525600000,0.124167738242,-0.275967509149,0.0753450164366
37535600000,0.0791769352521,-0.249637603042,0.0451966660331
37545600000,0.0740141934438,-0.235676411037,0.037687259531
37555600000,0.0626661098327,-0.22030922304,0.0280819344697
37565600000,0.0255620106437,-0.207028411042,0.0269485944474
37575600000,0.000132066250396,-0.183882744135,-0.00211778911373
37585600000,0.00343982391143,-0.183515207793,-0.00628215973177
37595600000,-0.00374138044799,-0.13351372408,-0.00464063456335
37605600000,-0.00694614194539,-0.139097689896,-0.0100376974741
37615600000,-0.0628312718348,-0.137814201401,-0.0288511858287
37625600000,-0.0894747175676,-0.117396020528,-0.0797861858531
37635600000,-0.16196266001,-0.0957527165521,-0.10654469993
37645600000,-0.194036538807,-0.0633881311692,-0.140715593601
37655600000,-0.247268082409,-0.0614526091605,-0.157871691814
37665600000,-0.266992382213,-0.0348047648195,-0.182384074732
37675600000,-0.331863909815,-0.0495333130504,-0.203892486728
37685600000,-0.374589998404,-0.0355620641496,-0.2531185483
37695600000,-0.405672723855,-0.0259361737043,-0.266097818562
37705600000,-0.451498576862,-0.0346328149161,-0.312057856723
37715600000,-0.473708246327,-0.0292234590731,-0.336987574867
37725600000,-0.546565786437,-0.00592754428096,-0.359203672808
37735600000,-0.579488770551,0.00604676235334,-0.375653364434
37745600000,-0.627060793883,-0.000592337350287,-0.413445044208
37755600000,-0.659549994454,-0.00256414769804,-0.429733961298
37765600000,-0.702926064263,-0.00539188138072,-0.458794643437
37775600000,-0.742386821637,-0.00383857656843,-0.478890974029
37785600000,-0.777590757882,-0.00586293936371,-0.507659860907
37795600000,-0.803708579061,0.000825303701291,-0.546039338427
37805600000,-0.833269632753,-0.00943738918199,-0.569421651795
37815600000,-0.843130946062,-0.00164839443938,-0.593193105613
37825600000,-0.907030682706,0.00696710566461,-0.604765152372
37835600000,-0.922981667799,-0.00851700153362,-0.614243624939
37845600000,-0.93256975983,0.0103780689244,-0.644057505706
37855600000,-0.954427605475,0.00730423555712,-0.651338522903
37865600000,-0.976916665922,0.00884242374863,-0.671096013595
37875600000,-0.97415758697,0.00391563557902,-0.637905348237
37885600000,-0.988731653346,-0.00539568874932,-0.668032467091
37895600000,-1.01825679425,-0.0110386677237,-0.661934884247
37905600000,-1.02347490062,0.0050840823506,-0.679066127456
37915600000,-1.00763544895,0.00415423951773,-0.667944294885
37925600000,-0.998367299012,-0.00209039915563,-0.690290021861
37935600000,-0.998362091118,0.0231248657232,-0.658847299638
37945600000,-0.992376532634,-0.00183111302188,-0.658741663935
37956200000,-0.976453206984,-0.00924331808303,-0.655906095969
37966200000,-0.94583930399,0.00372012919378,-0.632052557141
37976200000,-0.926284961743,0.005576123567,-0.620453845883
37986200000,-0.883401789471,-0.00476042709144,-0.593847138219
37996200000,-0.874297390097,-0.00300870732239,-0.559547147702
38006200000,-0.831346717196,-0.0051999326857,-0.547664008496
38016200000,-0.795663557128,0.0173877909267,-0.529968751342
38026200000,-0.748393252317,0.0139642783111,-0.502711331113
38036200000,-0.692982456338,0.0149784729512,-0.456383997171
38046200000,-0.642920526197,-0.0143462889297,-0.437882521142
38056200000,-0.610347959626,-0.0135359525116,-0.41058835265
38066200000,-0.545395043195,-0.00726706571682,-0.349388123984
38076200000,-0.469707279385,-0.0139898458461,-0.312425548518
38086200000,-0.40157581468,0.0123693630236,-0.289316380363
38096200000,-0.355811542212,0.012416327988,-0.252570594125
38106200000,-0.281978590811,-0.0164473894852,-0.19369338019
38116200000,-0.213096841626,0.00682326149259,-0.14504647165
38126200000,-0.157900705882,-0.0181307941201,-0.106400352087
38136200000,-0.074130996994,0.00726925626818,-0.0676373674894
38146200000,-0.00653792111034,-0.0160414974706,0.000486286962396
38156200000,0.0109803079792,0.00233497990299,-0.0012490735054
38166200000,0.0626639600265,-0.00373896636303,0.0354815453007
38176200000,0.159556316029,-0.0112279338095,0.0984240356572
38186200000,0.25313024847,-0.00923164007826,0.151206152321
38196200000,0.323283439872,0.00814237038626,0.219668410432
38206200000,0.399698132826,0.0280997926859,0.265203075014
38216200000,0.509147847061,0.00123655877185,0.337097734198
38226200000,0.576887913196,0.0042047211741,0.375040031119
38236200000,0.661743687342,0.00276207600068,0.431113112577
38246200000,0.725689208279,0.000711852501493,0.49234384293
38256200000,0.791684770376,-0.00927994077883,0.524237961027
38266200000,0.856930273338,-0.00385401967198,0.566539496139
38276200000,0.896435396832,-0.0175614683017,0.622460539943
38286200000,0.969349142144,0.0160521250802,0.636937011983
38296200000,1.01575543358,0.00869705043097,0.689856148604
38306200000,1.07457937661,0.00367108573782,0.686113526
38316200000,1.0980052987,-0.0247696842858,0.739464729913
38326200000,1.15950011704,1.8740743915e-05,0.770418124043
38336200000,1.18136192996,0.00469095118362,0.782389194917
38346200000,1.20267877883,0.0030080114117,0.803098277639
38356200000,1.2310634438,0.0131289202782,0.806208873979
38366200000,1.23696635715,0.00400162513985,0.825509770271
38376200000,1.257105503,0.00858193136299,0.848857228403
38386200000,1.25030058641,-0.00669343895589,0.855013007345
38396200000,1.26608486422,-0.00481044711247,0.847805854736
38406200000,1.25377338404,0.00305139507623,0.859623311145
38416200000,1.25081704741,0.00140111418179,0.82194096389
38426200000,1.24727917959,-0.00870116607204,0.830543827347
38436200000,1.2105759911,-0.00245793903139,0.830444800269
38446200000,1.1817355874,0.0197463719708,0.78985282346
38456200000,1.14714409138,-0.0118555615727,0.765133384839
38466200000,1.12000289579,0.00444616425976,0.744117267808
38476200000,1.0698401863,0.00465856843828,0.714166100474
38486200000,1.02140731294,-0.00157886999418,0.67633934138
38496200000,0.955370960105,-0.00239571800073,0.625974736661
38506200000,0.881236721149,-0.00941852000983,0.591505193045
38516200000,0.814122045007,-0.00297033991713,0.539699638965
38526200000,0.755274536481,-0.000770352346947,0.527716000717
38536200000,0.676504376078,0.0163643153231,0.427496519918
38546200000,0.602455225832,0.00274199478179,0.387755163517
38556200000,0.487954788162,0.00817383575881,0.340438193814
38566200000,0.430101872477,0.00365313590827,0.280479813565
38576200000,0.306170382931,-0.0193026505254,0.212877393947
38586200000,0.226168982962,0.0029730014566,0.163616284163
38596200000,0.117276136661,-0.00675881928307,0.0879224818371
38606200000,0.0315006208181,0.00169928782674,0.0225542449372
38616200000,0.0352243970403,-0.0103210009644,0.0101524749431
38626200000,-0.0795571684523,-0.0181572251519,-0.0496340797036
38636200000,-0.18685408664,-0.0279261515287,-0.123385878927
38646200000,-0.331973446778,-0.021172323521,-0.219180152106
38656200000,-0.441550052763,-0.0161360928132,-0.294366003221
38666200000,-0.548843090915,-0.0211432615027,-0.409470367596
38676200000,-0.648410734599,-0.0111941532481,-0.444265371564
38686200000,-0.785706828453,0.000324659997189,-0.520564012275
38696200000,-0.864739877761,-0.0209572239806,-0.575249715896
38706200000,-0.976412196358,0.00546088232604,-0.655515375229
38716200000,-1.09117516129,0.011096402018,-0.726332879088
38726200000,-1.17411495626,0.0167638138724,-0.795987360373
38736200000,-1.26768033836,-0.0202656917525,-0.82772611991
38746000000,-1.34354998925,0.0111271271054,-0.918886477488
38756200000,-1.401159886,-0.0100126553115,-0.936407578011
38766200000,-1.4996630182,0.0165016435971,-0.997113274162
38776200000,-1.55748776146,0.0216891808878,-1.05690380208
38786200000,-1.62650774316,0.00943184378923,-1.0828142744
38796200000,-1.67598611557,0.00482445426469,-1.11978188565
38806200000,-1.7306341041,0.0120321026366,-1.15846390185
38816200000,-1.76922792616,-0.0117250385082,-1.17965891532
38826200000,-1.80209067371,0.0176233353697,-1.20201482742
38836200000,-1.83307741665,0.0197964264458,-1.24538518289
38846200000,-1.84334657211,0.0209311499559,-1.24264632724
38856200000,-1.88854205493,0.0473077800833,-1.24973377926
38866200000,-1.88596817104,0.0511487846391,-1.25210981132
38876200000,-1.87929118969,0.0425021720001,-1.24952320924
38886200000,-1.8898314657,0.0437156135519,-1.25757164472
38896200000,-1.86978192856,0.0548016312922,-1.25387652818
38906200000,-1.84004757761,0.0731088470631,-1.23936784006
38916200000,-1.81673652891,0.0509071586624,-1.20936800039
38926200000,-1.78232937231,0.0552757302575,-1.18692529956
38936200000,-1.72844506797,0.0632070060976,-1.17829301415
38946200000,-1.68197986963,0.0613323772522,-1.12767031601
38956200000,-1.64193273346,0.0606041881468,-1.10256869366
38966200000,-1.5656197042,0.0501088630166,-1.06020832984
38976200000,-1.50230844053,0.0594539313044,-1.01642984177
38986200000,-1.43208071677,0.0692798042919,-0.959993414211
38996200000,-1.33307371752,0.0511511364012,-0.907985297751
39006200000,-1.26848520779,0.0558865048473,-0.87326607074
39016200000,-1.17225255544,0.0484498112386,-0.790707181866
39026200000,-1.08283329129,0.0463118814745,-0.729033419489
39036200000,-0.976064247209,0.0326673542088,-0.649115681211
39046200000,-0.873069259202,0.0521269794133,-0.575019414792
39056200000,-0.774097236845,0.0395114099883,-0.515788223166
39066200000,-0.658354692002,0.0301684143683,-0.45018412447
39076200000,-0.53908441541,0.00127071404832,-0.380967527197
39086200000,-0.440678973011,0.00799737867698,-0.296990116813
39096200000,-0.323815506916,0.0181665878443,-0.220107595363
39106200000,-0.198119262275,-0.00452439771943,-0.138997503794
39116200000,-0.090293179414,-0.0223073056821,-0.063700772656
39126200000,-0.00133854059206,0.0037576877092,0.00847953551658
39136200000,0.057873944153,-0.0153860075665,0.0365327964613
39146200000,0.164968879907,-0.0103882541292,0.107827474447
39156200000,0.291660310182,-0.00272732673823,0.1996199113
39166200000,0.332632920568,0.000818305928903,0.246380321334
39176200000,0.560794485403,-0.0314451662981,0.378657874591
39186200000,0.690624154199,-0.0367864945638,0.476604878582
39196200000,0.797530656789,-0.0331269587889,0.524730407514
39206200000,0.885797563546,-0.0471300397213,0.604732726895
39216200000,1.00409087538,-0.0367851564425,0.686731866768
39226200000,1.07479634928,-0.0620879935395,0.725638304988
39236200000,1.18495716574,-0.0554819385207,0.795779575337
39246200000,1.24814824862,-0.0851930534819,0.838590396662
39256200000,1.32246206545,-0.0674591008904,0.903457734304
39266200000,1.41366934239,-0.081809654519,0.942432748769
39276200000,1.44287529631,-0.0559926364782,0.971101783438
39286200000,1.50037333705,-0.074059538799,1.04122926259
39296200000,1.59335022166,-0.070965669079,1.06621630286
39306200000,1.62493759336,-0.0686231897999,1.09357376547
39316200000,1.66240419727,-0.0799761645771,1.12500132523
39326200000,1.70569805534,-0.052190538847,1.16599837767
39336200000,1.74835538846,-0.0551257468005,1.15742303978
39346200000,1.75007537656,-0.0593509533769,1.15514738314
39356200000,1.78270537595,-0.0280498567891,1.176160144
39366200000,1.78752681147,-0.0315191272452,1.2046262627
39376200000,1.77647365848,-0.0187390391509,1.20785502731
39386200000,1.77357193314,-0.0120410589941,1.17309216554
39396200000,1.75855612592,0.000483459375319,1.19948973783
39406200000,1.76033262948,0.0197633080288,1.15418693276
39416200000,1.736365998,0.0487128915693,1.14456239597
39426200000,1.6997667797,0.0819468496359,1.14150290617
39436200000,1.65393836546,0.111031138872,1.10791888951
39448800000,1.63989020203,0.207865214847,1.13520243639
39465800000,1.53189280328,0.223882045726,1.03674682761
39475800000,1.4724313504,0.262269125408,1.0004181687
39485800000,1.3956818464,0.300231415919,0.973358761085
39495800000,1.34013911071,0.322004918713,0.929884913046
39505800000,1.27331806767,0.373758711509,0.899857459868
39515800000,1.18692907682,0.419366854194,0.84247755855
39525800000,1.12256979882,0.476316594809,0.786328875558
39535800000,1.04982100455,0.508333650669,0.776287106724
39545800000,0.979657875454,0.568147786063,0.712878398568
39555800000,0.89935281703,0.618631654258,0.667210507976
39565800000,0.826073184088,0.657834352773,0.62334019342
39575800000,0.747769564288,0.748663678498,0.569041957515
39585800000,0.678179443194,0.777238978932,0.520209673716
39595800000,0.575087037606,0.844716100472,0.478853140847
39605800000,0.509616727234,0.899597982513,0.408834564591
39615800000,0.440477712421,0.959264323304,0.351701593783
39625800000,0.370660976852,1.02133072473,0.312296447875
39635800000,0.325532001665,1.0835134728,0.243187587056
39645800000,0.222621087488,1.15465220992,0.221497345023
39655800000,0.152433272777,1.19442425361,0.133341659347
39665800000,0.100098335657,1.27353118513,0.0981059252728
39675800000,0.0751005871139,1.32192600045,0.0589746568273
39685800000,0.0213027909577,1.39246250132,0.012099258164
39695800000,0.00751668435353,1.46181699258,0.00702031141975
39705800000,-0.0303982286649,1.52337738145,-0.0214522384217
39715800000,-0.0384334952512,1.57388788048,-0.0432517876552
39725800000,-0.11292382335,1.64242824831,-0.106937233846
39737800000,-0.142938088616,1.69939117026,-0.142004910468
39745800000,-0.17030918137,1.75224048604,-0.196389566153
39755800000,-0.176878295608,1.82190486104,-0.222677649089
39765800000,-0.212741080397,1.87336252248,-0.255947932721
39775800000,-0.223774437374,1.91713294615,-0.284926386912
39785800000,-0.206310625954,1.98937202613,-0.314377331498
39795800000,-0.237843958517,2.03690733411,-0.325681713813
39805800000,-0.230471609297,2.07692020981,-0.348884887989
39815800000,-0.223351335892,2.12885760707,-0.34970870735
39825800000,-0.206040966647,2.17230034317,-0.348026762142
39835800000,-0.214721505932,2.2476296386,-0.346806737789
39845800000,-0.193087580342,2.28093121162,-0.344299977887
39855800000,-0.167942073981,2.29041349717,-0.338432289605
39865800000,-0.160844684428,2.34102437774,-0.311002641536
39875800000,-0.129149090227,2.3467542078,-0.299756225703
39885800000,-0.122583643409,2.38035314112,-0.278089811058
39895800000,-0.104493397456,2.41196384427,-0.229460274296
39905800000,-0.0769885647104,2.42803874727,-0.218276021358
39915800000,-0.0723615286954,1.92903184521,-0.222283164036
39925800000,-0.0530988962853,1.51705136721,-0.156860679624
39935800000,-0.0214257132673,1.1971366358,-0.110226202539
39945800000,-0.0211437727773,0.941270677306,-0.0694822843332
39955800000,-0.0131238741491,0.732130582112,-0.0374271989689
39965800000,-0.00691854218498,0.572384755695,-0.0299554897949
39975800000,0.00371279409349,0.440464568222,-0.00591736431395
39985800000,0.00463456450173,0.362549819364,-0.00592562317156
39995800000,0.0095219735053,0.291431649667,-0.00550118464813
40005800000,-0.0100073945494,0.215084000161,-0.00170824353399
40015800000,0.00499701440698,0.174036609742,-0.0127123647179
40025800000,-0.0103892262714,0.13944491912,-0.0123781663634
40035800000,0.00137720900876,0.114575918815,-0.0187455531958
40045800000,0.015039997351,0.0799256840093,-0.0242650813423
40055800000,-0.00899130032685,0.0718750983649,0.000749189552966
40065800000,0.013012478085,0.0393982596464,-0.00346850960783
40075800000,0.00499220985363,0.0478487096392,-0.0034786923447
40085800000,0.00454674366814,0.0281344795546,-0.00236914140281
40095800000,0.0116139685031,0.0310772538823,-0.00865566435801
40105800000,-0.0100719071685,0.0269327643755,0.00302589567597
40115800000,0.0091078308173,0.00663673633816,0.00194327031901
40125800000,0.0143887446332,0.00583283075662,-0.0119102249135
40135800000,-0.00435138034074,0.0162159324903,0.004201477382
40145800000,-0.0100516926767,0.00638428503815,0.0203083838836
40155800000,-0.0184046752394,-0.00191978567754,0.0121200993542
40165800000,-0.013925890413,0.00081585610368,0.0026899784635
40175800000,0.00522242324558,0.00484776876706,-0.0153440575833
40185800000,-0.00744760718958,0.00220223264554,-0.0116927861526
40195800000,0.0060490156184,0.000604447349052,-0.00331297265698
40205800000,0.00645565706802,-0.00117786380534,0.00396121885568
40215800000,-0.00496179154907,0.00334889799874,0.0149501401442
40225800000,-0.0127265301462,-0.00879227339852,0.00286727256398
40235800000,0.00439741681702,-0.00255585835264,0.011382083919
40245800000,0.00916859031048,0.0039583838764,0.00144841559961
40255800000,0.000155664564835,-0.00516381962953,0.0186495450006
40265800000,-5.20668538702e-05,0.00553753615727,-0.00231944359719
40275800000,-0.00337172487613,-0.00684273003949,-0.00686233248135
40285800000,-0.0072521034844,0.0136689330681,-0.00556395727555
40295800000,-0.0122891877785,-0.0125639937756,-0.00153691183957
40305800000,-0.000691867563256,0.00251815011416,0.00849035295208
40315800000,-0.0149743856511,0.00326250917522,-0.00900232974527
40325800000,0.000385535030084,0.0179032135612,0.00274788954576
40335800000,0.00321678443448,0.00775922820671,0.00084795550774
40345800000,-0.0126167052841,0.00590667561697,-0.0051054704688
40355800000,0.0109535923741,0.0109497554083,-0.00457343118414
40365800000,-0.0128549676384,0.0233114795265,0.00672985017318
40375800000,-0.0261220299362,0.00734027980765,-0.0135486783246
40385800000,-0.00134803807076,0.0131729231543,6.31347381635e-05
40395800000,0.00823965809194,0.00591652549032,0.00127385887947
40405800000,0.00408118645296,-0.00210250833532,0.00576206143149
40415800000,0.020469057419,0.00251161977041,0.000548633656939
40425800000,-0.0121589410783,0.00416558674617,0.00518007499805
40435800000,0.000158222587911,-0.0271707483472,0.00276721223429
40445800000,0.00609865787263,-0.00282720813005,-0.0131018820359
40455800000,-0.00577444048393,-0.00086754139091,-0.0071945063883
40465800000,-0.00593624429146,0.00135218611545,-0.00806912373493
40475800000,0.00405647541881,0.0202277334155,0.00553111993238
40485800000,-0.000841451948518,-0.00422266623052,-0.00565891913885
40495800000,-0.0158753689399,0.0147194949831,-0.00323692470249
40505800000,-0.00181257112831,-0.00484282773358,0.0088776266668
40515800000,-0.000454017414168,-0.0115565141024,0.0191563274294
40525800000,0.000394623376967,0.00281757088249,0.00275148162937
40535800000,0.00621974120308,-0.00132374889959,0.0162126290964
40545800000,0.0119325996114,0.00625248591841,0.0013742795876
40555800000,-0.0113391379691,0.00551673239558,0.0143350587219
40565800000,-0.0126553298753,0.00648528179861,-0.0176160989309
40575800000,0.00700213494334,-0.00010077224317,-0.00630772954161
40585800000,-0.012344070492,-0.00514057377008,-0.000747878743313
40595800000,0.00921049957331,-0.00751375841538,-0.0123211339347
40605800000,-0.0084825373261,0.0162269540379,-0.0107860614699
40615800000,-0.00973586097876,-0.0103557977447,0.00266129852133
40625800000,-0.0235320308787,0.00627210758763,0.0168612237241
40635800000,0.00922487116586,0.0210955762374,-0.0122561912445
40645800000,0.000481438059316,-0.00172091609193,-0.00435747292009
40655800000,-0.00372043738782,0.00543819992988,0.00831636442249
40665800000,-0.0069889344977,0.0218820785076,0.00857372305781
40675800000,0.00606831244786,0.00578912636906,-0.000972671776625
40685800000,0.00166704015971,0.00687525467059,-0.00429144437176
40695800000,-0.0016760821247,0.0149787009578,-0.000437202287667
40705800000,0.00352285673399,-0.00677211937798,-0.0183535129304
40715800000,-0.0012914867879,0.0144758294963,-0.0106191685729
40725800000,0.0156780945208,0.00243953629453,0.00781473529078
40735800000,-0.00824913069073,-0.0101254501349,0.00822313480055
40745800000,-0.000382921678394,-0.0112522558633,0.0176113697196
40755800000,0.00180346128173,-0.0124722307164,-0.00764116576194
40765800000,-0.00336378439244,-0.00447093751688,-0.0100044142395
40775800000,0.0184550200897,0.00346067303782,-0.0107729818315
40785800000,-0.00826368132084,0.00170968509734,-0.0126901551277
40795800000,-0.00584580634953,0.0115981582437,-0.00754721523269
40805800000,-0.00788223295067,-0.00691379531804,-0.00191293050728
40815800000,0.0228304430625,-0.0100481142393,0.0049089287318
40825800000,-0.00760752335267,0.0217778462171,0.0158039124358
40835800000,0.00134232683503,0.00782939100033,0.00981919120977
40845800000,-0.0141903270022,-0.00519642120545,0.000178048261255
40855800000,0.00908690197924,-0.0017654122234,0.0146842186084
40865800000,-0.0071285406815,0.000910272723411,-0.00346642432301
40875800000,-0.00697780214196,-0.000489904165935,-0.00634094117751
40885800000,-0.00661127607883,0.00585100842906,0.00140747122485
40895800000,0.00865193065028,-0.00909287291842,-0.00522749022567
40905800000,-0.027054512294,0.00169129205099,0.0061513858966
40915800000,-0.0188172283022,0.0152643902782,-0.00808493765168
40925800000,-0.0125038317045,0.0142153465733,-0.0026420299928
40935800000,-0.00508145467948,-0.00388499429839,-0.00904376645479
40945800000,-0.0106549591263,0.0123833188342,0.004189183779
40955800000,-0.00562710249517,0.00564571208909,0.00522432467009
40965800000,0.00700237197837,0.0162452341994,-0.00100074392593
40975800000,-0.00538465682308,0.00808973028339,0.000935723916149
40985800000,-0.00534271856498,-0.00793833315344,-0.00286357577537
40995800000,0.0111779700637,-0.00326846096856,-0.025788503185
41005800000,-0.0218508953283,-0.00605200571653,-0.00430873476556
41015800000,0.0062605558818,0.00725633624176,-0.0131847536198
41025800000,0.00204769893755,0.0217178425573,-0.00282298112199
41035800000,0.0100411460568,-0.00748580065533,0.00175342813144
41045800000,0.022843074426,0.00469455991552,-0.0063702498362
41055800000,0.000255437824036,7.14014581533e-05,0.000703472414186
41065800000,0.00204088843473,-0.00328703528794,0.00530777633742
41075800000,0.013559432724,0.00529695366811,-0.00723009501564
41085800000,-0.0145780839542,0.0048137581918,0.0154665509285
41095800000,-0.00391547193668,0.0120666761264,-0.0030146889078
41105800000,0.0124011750496,0.0102009952149,0.0142997217335
41115800000,0.00917367031183,-0.00244659248302,-0.00498975740284
41125800000,-0.00175684732709,0.00856226684888,0.00635010470082
41135800000,0.00247812672804,-0.0073494531051,-0.00889703575007
41145800000,-0.00596656604519,-0.0111523585592,0.018710448059
41155800000,0.013453704546,0.00533981876838,0.00147024404965
41165800000,0.00457952352492,-0.00763637625517,0.0109451643985
41175800000,0.00608645855853,-0.0159215930045,-0.00151668624042
41185800000,-0.00942378655935,0.00152793681639,-0.0119089862314
41195800000,0.00651304373562,-0.00692526888536,-0.0092440839523
