time,FR_hip_pos,FR_hip_vel,FR_thigh_pos,FR_thigh_vel,FR_calf_pos,FR_calf_vel
22917000000,0.0168332532048,-1.97647386813e-06,-0.00152464944404,2.85555761366e-05,-1.77835321426,-0.000148663981236
22922800000,0.0168332494795,-4.55743929706e-06,-0.00152435549535,2.86826343654e-05,-1.77835321426,-0.000148081977386
22932800000,0.0168332476169,-3.23951417158e-06,-0.00152406189591,2.86720423901e-05,-1.77835321426,-0.000148075705511
22942600000,0.016833242029,2.83829444925e-06,-0.00152377411723,2.8807158742e-05,-1.77835321426,-0.00014808960259
22952800000,0.0168332383037,-1.00377212675e-06,-0.00152349774726,2.89375857392e-05,-1.77835321426,-0.000148352162796
22962800000,0.0168332327157,1.01236230421e-06,-0.00152319844346,2.88246264972e-05,-1.77835321426,-0.000148361868924
22972800000,0.0168332289904,-1.87808689134e-06,-0.0015229396522,7.46052455725e-06,-1.77835321426,-0.00014819081116
22983000000,0.0168332196772,-3.59657360605e-06,-0.00152312126011,-4.86935568915e-05,-1.77835321426,-0.000158046634169
22993400000,0.0168332066387,-5.26012991031e-06,-0.00152336852625,6.69556868615e-07,-1.77835321426,-0.00015757473011
23003200000,0.0168331973255,-2.94162828141e-06,-0.00152361998335,-5.6686019434e-08,-1.77835321426,-0.000158204740728
23012400000,0.0168331880122,-2.7643689009e-06,-0.00152385863476,-3.23632491472e-07,-1.77835321426,-0.000158820708748
23022600000,0.016833178699,-2.40020017372e-06,-0.00152411591262,-8.49915466006e-07,-1.77835321426,-0.000159356117365
23060800000,0.0168331712484,-6.69356211347e-07,-0.00152442022227,-1.36967037179e-06,-1.77835321426,-0.000160069786943
23060800000,0.0168331656605,2.39577752836e-06,-0.0015247000847,-2.06146205528e-06,-1.77835321426,-0.000160792988027
23060800000,0.0168331619352,-2.77396998172e-06,-0.00152479566168,2.8553615266e-05,-1.77835321426,-0.000149979096022
23103000000,0.0168331582099,1.43725549151e-06,-0.00152450776659,2.87564398604e-05,-1.77835321426,-0.000148078222992
23103200000,0.0168331544846,6.45877946681e-08,-0.00152420252562,2.88179562631e-05,-1.77835321426,-0.000148633276694
23103200000,0.0168331507593,-3.01093041344e-06,-0.00152393209282,2.88513474516e-05,-1.77835321426,-0.000148206585436
23103200000,0.0168331451714,-3.82762522122e-07,-0.0015236386098,2.87575257971e-05,-1.77835321426,-0.000148353661643
23103200000,0.0168331414461,-4.35257788922e-06,-0.00152337376494,2.89169929601e-05,-1.77835321426,-0.000148357677972
23149200000,0.0168331358582,-2.16015200749e-06,-0.0015230801655,2.8949973057e-05,-1.77835321426,-0.000148356004502
23149200000,0.0168331284076,-5.57787234357e-06,-0.00152298435569,-5.04267991346e-05,-1.77835321426,-0.000156572175911
23149200000,0.0168331172317,1.09256632186e-06,-0.00152322289068,-4.91583923576e-05,-1.77835321426,-0.000157126167323
23149200000,0.0168331060559,-1.95617440113e-06,-0.00152348936535,-5.04636773258e-05,-1.77835321426,-0.000157804548508
23152400000,0.0168330967426,-2.6908342079e-06,-0.00152370799333,-1.87424532783e-07,-1.77835321426,-0.000160290044732
23162600000,0.0168330855668,2.20230663217e-06,-0.0015239835484,-9.63862134995e-07,-1.77835321426,-0.000158919123351
23203600000,0.0168330874294,-2.24551536121e-06,-0.00152426492423,-5.47704294149e-05,-1.77835321426,-0.000159933566465
23203600000,0.0168330911547,3.80223355023e-06,-0.00152432115283,2.76130667771e-05,-1.77835321426,-0.000150470645167
23203600000,0.0168330986053,6.54161510738e-07,-0.001524024643,2.81026150333e-05,-1.77835321426,-0.000149093437358
23203600000,0.0168331041932,5.17689159096e-07,-0.00152375653852,2.91635369649e-05,-1.77835321426,-0.000147612154251
23246200000,0.0168331097811,-1.83498082151e-06,-0.00152345490642,2.80249169009e-05,-1.77835321426,-0.000149011961184
23246200000,0.0168331135064,1.87418049791e-06,-0.00152328412514,2.46340027843e-06,-1.77835321426,-0.000155541129061
23246200000,0.0168331135064,-3.16071395901e-06,-0.00152353022713,2.86240521064e-07,-1.77835321426,-0.000159557355801
23246200000,0.0168331116438,2.01211378226e-06,-0.00152377551422,-5.08375342179e-05,-1.77835321426,-0.000158346127137
23286200000,0.0168331116438,-1.19300318602e-06,-0.00152403430548,-5.19512104802e-05,-1.77835321426,-0.000160927796969
23286200000,0.0168331116438,6.1159806819e-07,-0.00152427505236,-1.07914127057e-06,-1.77835321426,-0.0001616585796
23286400000,0.0168331116438,3.14686690217e-06,-0.00152457971126,-5.46861483599e-05,-1.77835321426,-0.000160628129379
23286400000,0.0168331135064,2.68139547188e-06,-0.00152487901505,-5.65668997297e-05,-1.77835321426,-0.000163157965289
23328400000,0.0168331190944,5.47236481907e-07,-0.00152503536083,2.50034681812e-05,-1.77835321426,-0.000154223118443
23328400000,0.0168331284076,1.58815694817e-07,-0.00152477330994,2.81607663055e-05,-1.77835321426,-0.000148584396811
23328600000,0.0168331377208,3.92270948169e-07,-0.0015244827373,2.89036725007e-05,-1.77835321426,-0.000148599647218
23328600000,0.016833147034,3.23667649127e-07,-0.00152419798542,2.85491787508e-05,-1.77835321426,-0.00014861645468
23369200000,0.0168331563473,-1.02501553556e-06,-0.00152391346637,2.87320435746e-05,-1.77835321426,-0.000148663704749
23369200000,0.0168331656605,3.97008307118e-07,-0.0015236120671,2.79504747596e-05,-1.77835321426,-0.000147784579895
23369200000,0.0168331749737,3.45355232412e-07,-0.00152334431186,2.89425497613e-05,-1.77835321426,-0.000148981605889
23369200000,0.016833184287,3.4809107774e-07,-0.00152306933887,2.62207358901e-05,-1.77835321426,-0.000147418933921
23411000000,0.0168331898749,1.67350435731e-06,-0.00152312940918,5.27716792931e-07,-1.77835321426,-0.000156378184329
23411000000,0.0168331917375,3.82125563192e-06,-0.00152338913176,-5.01946960867e-05,-1.77835321426,-0.000160170791787
23411000000,0.0168331954628,4.34534285887e-06,-0.00152364221867,-5.11628168169e-05,-1.77835321426,-0.000159047936904
23411000000,0.0168331954628,-2.79696996586e-06,-0.0015238984488,-6.18676494923e-07,-1.77835321426,-0.000161580042914
23457000000,0.0168331973255,2.17729757424e-06,-0.00152418552898,-5.4108488257e-05,-1.77835321426,-0.000162142299814
23457000000,0.0168331898749,3.13095142701e-06,-0.00152443454135,-9.88886199593e-07,-1.77835321426,-0.000162416763487
23457000000,0.0168331861496,2.66931465376e-07,-0.00152474816423,-5.63425455766e-05,-1.77835321426,-0.000161313990247
23457000000,0.0168331824243,-1.28929366383e-06,-0.00152486027218,2.83064346149e-05,-1.77835321426,-0.000149404178956
23457000000,0.0168331805617,-6.2881440499e-07,-0.00152459542733,2.87587681669e-05,-1.77835321426,-0.00014808155538
23498400000,0.0168331768364,3.31264845954e-06,-0.00152429018635,2.90982152364e-05,-1.77835321426,-0.000148635474034
23498400000,0.0168331731111,-4.50971128885e-06,-0.00152400240768,2.91188462143e-05,-1.77835321426,-0.000148092731251
23498400000,0.0168331693858,1.09626000722e-06,-0.00152372615412,2.87560887955e-05,-1.77835321426,-0.000148362028995
23498400000,0.0168331656605,1.92404718291e-06,-0.00152342102956,2.86052254523e-05,-1.77835321426,-0.000148346065544
23502400000,0.0168331619352,-1.42068506648e-06,-0.00152316200547,2.8723894502e-05,-1.77835321426,-0.000148358056322
23513200000,0.0168331563473,7.99016220299e-07,-0.00152293755673,-2.77144536085e-05,-1.77835321426,-0.000154477602337
23553200000,0.016833147034,-2.40731833401e-06,-0.00152317609172,-4.88759760628e-05,-1.77835321426,-0.000156708265422
23553200000,0.0168331358582,1.09993584374e-06,-0.00152340542991,4.87476199851e-07,-1.77835321426,-0.000159450937645
23553200000,0.016833126545,-2.93542439067e-06,-0.00152367400005,-5.13101877004e-05,-1.77835321426,-0.000158326074597
23553200000,0.0168331172317,-3.5195057535e-06,-0.00152392499149,-5.26626281498e-05,-1.77835321426,-0.000160700539709
23592800000,0.0168331097811,-1.00907789147e-06,-0.00152422219981,-5.49214382772e-05,-1.77835321426,-0.000159461851581
23592800000,0.0168331041932,2.76292757917e-06,-0.00152447842993,-1.72916315933e-06,-1.77835321426,-0.000160231968039
23592800000,0.0168330986053,3.16363320962e-06,-0.00152477924712,-4.60815698489e-07,-1.77835321426,-0.000160479990882
23592800000,0.01683309488,1.9944509404e-06,-0.00152472243644,2.85473452095e-05,-1.77835321426,-0.000148190039909
23631800000,0.0168330911547,-4.75676188216e-06,-0.00152442313265,2.86655158561e-05,-1.77835321426,-0.000148071500007
23632000000,0.0168330874294,1.7075095684e-06,-0.00152413547039,2.8776943509e-05,-1.77835321426,-0.000148198814713
23632000000,0.0168330837041,2.63135007117e-07,-0.00152384769171,2.88146457024e-05,-1.77835321426,-0.000148362261825
23633000000,0.0168330799788,-3.87017826142e-06,-0.00152355991304,2.87387447315e-05,-1.77835321426,-0.000148358813021
23642800000,0.0168330743909,1.36713026677e-06,-0.00152327783871,2.87494931399e-05,-1.77835321426,-0.00014836700575
23682400000,0.0168330706656,-3.67442066818e-06,-0.00152300414629,2.70928449027e-05,-1.77835321426,-0.000148499195348
23682400000,0.016833063215,-2.30953378377e-06,-0.00152305082884,-4.83773183078e-05,-1.77835321426,-0.000155765301315
23682400000,0.0168330520391,-1.57441888859e-06,-0.00152329157572,-4.95189196954e-05,-1.77835321426,-0.000159128045198
23720800000,0.0168330408633,-1.85284147847e-06,-0.00152354477905,3.36054313266e-07,-1.77835321426,-0.000157964284881
23720800000,0.01683303155,-1.43553222642e-06,-0.00152379879728,-5.29059725523e-05,-1.77835321426,-0.000160258146934
23720800000,0.0168330240995,1.05883793822e-06,-0.00152408122085,-5.43087480764e-05,-1.77835321426,-0.000160972122103
23720800000,0.0168330185115,1.47245737026e-06,-0.00152434420306,-1.49484606027e-06,-1.77835321426,-0.000161727322848
23759400000,0.0168330129236,1.49095410507e-06,-0.00152463209815,-1.66174856986e-06,-1.77835321426,-0.00016062548093
23759400000,0.0168330073357,-2.15293357542e-06,-0.00152483524289,3.46930346495e-06,-1.77835321426,-0.000155900634127
23759400000,0.0168330017477,-4.80500830236e-06,-0.00152454676572,2.90872067126e-05,-1.77835321426,-0.000148082399392
23759400000,0.0168329980224,1.62365370215e-06,-0.00152426480781,2.88357878162e-05,-1.77835321426,-0.000148361854372
23799600000,0.0168329961598,3.4518159282e-06,-0.00152397726197,2.90317129839e-05,-1.77835321426,-0.000147488710354
23799600000,0.0168330017477,4.43986391474e-06,-0.00152368086856,2.90005846182e-05,-1.77835321426,-0.000147919316078
23799600000,0.016833005473,-9.16793965189e-08,-0.0015234076418,2.81537049887e-05,-1.77835321426,-0.000147828497575
23799600000,0.0168330091983,-2.03457875614e-06,-0.00152338284533,-4.84211086587e-05,-1.77835321426,-0.000158799492056
23841400000,0.0168330073357,-6.85702104875e-07,-0.00152361567598,-4.95057247463e-05,-1.77835321426,-0.000157778398716
23841400000,0.0168330073357,-3.45820330949e-06,-0.00152387702838,-5.09820092702e-05,-1.77835321426,-0.000158583294251
23841400000,0.0168330073357,-3.22610071635e-06,-0.00152413768228,-5.25175128132e-05,-1.77835321426,-0.000160941664944
23841400000,0.016833011061,4.33189370597e-06,-0.001524407533,-1.46934939949e-06,-1.77835321426,-0.000159871822689
23881400000,0.0168330147862,-1.6985155753e-06,-0.00152468064334,-1.81718837666e-06,-1.77835321426,-0.000162428375916
23881400000,0.0168330185115,1.21371340356e-06,-0.00152497412637,-2.48082619692e-06,-1.77835321426,-0.0001632055355
23881400000,0.0168330222368,3.37515666615e-06,-0.00152510672342,1.14549884529e-05,-1.77835321426,-0.000158058930538
23881400000,0.0168330296874,3.28249393533e-06,-0.00152474059723,2.87109032797e-05,-1.77835321426,-0.000148185208673
23919200000,0.016833037138,-2.09115773941e-06,-0.00152443361003,2.89315757982e-05,-1.77835321426,-0.000147913408
23919400000,0.0168330427259,-4.19135915308e-07,-0.00152417214122,2.87563780148e-05,-1.77835321426,-0.00014786986867
23919400000,0.0168330501765,-1.0902174381e-06,-0.00152387097478,2.80535241473e-05,-1.77835321426,-0.000148875609739
23919400000,0.0168330557644,3.40919382325e-06,-0.00152361474466,2.90123880404e-05,-1.77835321426,-0.000147809478221
23958000000,0.0168330650777,-4.07833312011e-07,-0.00152331334539,2.8138718335e-05,-1.77835321426,-0.000148919207277
23958000000,0.0168330743909,3.88897706216e-06,-0.00152306153905,1.95870361495e-05,-1.77835321426,-0.000149610365042
23958000000,0.0168330781162,-1.89294496522e-06,-0.00152327877004,-4.90362072014e-05,-1.77835321426,-0.000158787646797
23958000000,0.0168330818415,-8.34549609863e-07,-0.00152350694407,-5.0319787988e-05,-1.77835321426,-0.000158463444677
24000000000,0.0168330855668,3.76466186935e-06,-0.00152377597988,-5.27311058249e-05,-1.77835321426,-0.000158952112542
24000000000,0.01683309488,4.72164629173e-06,-0.00152403058019,-1.17923298149e-06,-1.77835321426,-0.000161583491717
24000000000,0.0168331004679,2.94068399853e-06,-0.00152430986054,-1.59368653385e-06,-1.77835321426,-0.000162368669407
24000000000,0.0168331079185,-2.14707665691e-06,-0.00152461486869,-5.64723886782e-05,-1.77835321426,-0.000163192424225
24040600000,0.0168331116438,3.95124106944e-06,-0.00152484502178,7.38246581022e-06,-1.77835321426,-0.000158817201736
24040600000,0.0168331153691,2.53234134107e-06,-0.00152459146921,2.90244315693e-05,-1.77835321426,-0.000148646591697
24040600000,0.0168331116438,1.02195542695e-06,-0.00152429810259,2.87466555164e-05,-1.77835321426,-0.000148335049744
24040600000,0.0168331097811,-4.17848650613e-06,-0.00152402184904,2.87305847451e-05,-1.77835321426,-0.000148366496433
24085400000,0.0168331041932,-4.69952965432e-06,-0.00152375129983,2.89133095066e-05,-1.77835321426,-0.000148366103531
24085400000,0.0168331004679,-4.73022419101e-06,-0.00152345770039,2.87639231829e-05,-1.77835321426,-0.00014836426999
24085400000,0.0168330967426,1.14935608053e-06,-0.00152314687148,2.86720242002e-05,-1.77835321426,-0.000148362494656
24085400000,0.0168330930173,-1.96815540221e-06,-0.00152293301653,-1.47618056872e-05,-1.77835321426,-0.000152983062435
24085400000,0.0168330837041,-1.5780793774e-06,-0.00152314687148,7.53512949814e-07,-1.77835321426,-0.000158373673912
24130000000,0.0168330725282,1.13835142201e-06,-0.00152339658234,-5.01023714605e-05,-1.77835321426,-0.000159310613526
24130000000,0.0137625364587,-1.05183649063,0.0161188561469,6.31996488571,-1.77986824512,-0.291692167521
24130000000,0.00136135250796,-1.01542901993,0.107171460986,8.82091140747,-1.78010439873,0.0829641744494
24130000000,-0.00723844254389,-0.802703261375,0.186083063483,7.45558643341,-1.77944874763,0.0625531971455
24133400000,-0.0153327006847,-0.719749331474,0.256441533566,6.23767280579,-1.7789939642,0.0411302857101
24143200000,-0.0220927465707,-0.669731318951,0.312445759773,5.33040094376,-1.77874279022,0.0249918755144
24181800000,-0.0282228477299,-0.614953577518,0.362278103828,4.56295919418,-1.77860736847,0.0139003908262
24181800000,-0.0339015796781,-0.549959897995,0.403594255447,3.97767996788,-1.77854430676,0.00576458452269
24181800000,-0.0389211140573,-0.478553265333,0.439015060663,3.5147395134,-1.77852320671,-9.2978720204e-05
24221600000,-0.0430742017925,-0.406863361597,0.46972066164,3.14291000366,-1.77852702141,-0.000197560482775
24221600000,-0.0472112186253,-0.320526689291,0.501635193825,2.75884389877,-1.77854037285,0.000286825583316
24221600000,-0.0498734489083,-0.246457740664,0.526968240738,2.49369168282,-1.77855587006,-0.00014910705795
24221600000,-0.0520285256207,-0.166064634919,0.551644682884,2.23727035522,-1.77857279778,-0.00017527845921
24262400000,-0.0532513670623,-0.0904012322426,0.571993708611,2.06011867523,-1.77859044075,0.000175967332325
24262400000,-0.0537878088653,-0.0117139825597,0.59030765295,1.9101896286,-1.77860867977,-2.18076420424e-05
24262400000,-0.053761806339,0.00475643295795,0.608627617359,1.75385296345,-1.77862203121,2.67878858722e-05
24262400000,-0.0535606592894,0.0554369799793,0.624873459339,1.62995302677,-1.77863895893,-0.000124212761875
24262400000,-0.0526788681746,0.142143473029,0.639958560467,1.517816782,-1.77865684032,5.74910973228e-06
24303600000,-0.0507723018527,0.247123420238,0.654833912849,1.40284371376,-1.77867424488,0.000110622509965
24303600000,-0.0479381494224,0.350086838007,0.667810916901,1.30804276466,-1.77869081497,8.09534467408e-05
24303800000,-0.0437129624188,0.462498307228,0.680913448334,1.20826888084,-1.77870666981,0.000173291380634
24303800000,-0.038674030453,0.564921617508,0.692802250385,1.11594855785,-1.77872121334,-6.95466005709e-05
24312800000,-0.0327263660729,0.669146001339,0.703037261963,1.04688024521,-1.77873468399,2.60988563241e-05
24322400000,-0.0254846494645,0.772724270821,0.712579786777,0.9791482687,-1.77874708176,-2.68751846306e-05
24366000000,-0.0168469194323,0.875826358795,0.722188413143,0.902040243149,-1.77875852585,0.000260678410996
24366000000,-0.00846267584711,0.972255885601,0.730565130711,0.838029563427,-1.77876901627,-2.54540063906e-05
24366000000,0.00114166853018,1.06427454948,0.738455176353,0.773519694805,-1.77877819538,-6.92890625942e-06
24366000000,0.0130547489971,1.16951072216,0.746038913727,0.707849800587,-1.77878677845,-0.000157969363499
24411000000,0.0248231999576,1.23326468468,0.752325475216,0.648493647575,-1.77879333496,-0.000217191438423
24411000000,0.0379314571619,1.35798037052,0.758738040924,0.597483515739,-1.77880096436,0.000111596200441
24411200000,0.0507039315999,1.4546790123,0.764140427113,0.547491788864,-1.77880716324,-0.000122556870338
24411200000,0.0651869252324,1.54385781288,0.769148409367,0.497521460056,-1.77881169319,0.000273534125881
24451400000,0.0818033590913,1.63030445576,0.773783147335,0.449130475521,-1.77881610394,0.000226581323659
24451400000,0.0989878997207,1.71033525467,0.778336822987,0.393020987511,-1.778819561,0.000292857963359
24451400000,0.114863559604,1.78563785553,0.781734228134,0.356900632381,-1.77882277966,1.07681235022e-05
24451400000,0.13283982873,1.85735726357,0.784837722778,0.319663912058,-1.77882575989,-0.000168404192664
24495000000,0.153427347541,1.92305040359,0.787977874279,0.274672776461,-1.77882814407,-0.000128482235596
24495000000,0.17120192945,1.98604166508,0.790492773056,0.237813323736,-1.77883017063,0.000153945933562
24495000000,0.191097661853,2.04187917709,0.792657852173,0.203490495682,-1.77883195877,0.000221856142161
24495000000,0.212770834565,2.08963108063,0.794496357441,0.171662837267,-1.77883327007,-0.000210673344554
24495000000,0.23154258728,2.13487362862,0.795945763588,0.14496897161,-1.77883422375,-3.97128278564e-05
24539600000,0.254104137421,2.17011165619,0.797284662724,0.114470541477,-1.778834939,0.000198690438992
24539600000,0.276147454977,2.19793796539,0.798297703266,0.0886271372437,-1.77883553505,-4.4810858526e-05
24539600000,0.296673923731,2.22191882133,0.799012184143,0.0680973827839,-1.77883589268,-5.88264538237e-06
24539600000,0.318697571754,2.2358288765,0.799554288387,0.0478535443544,-1.7788361311,7.53407293814e-05
24542400000,0.340373635292,2.24246001244,0.799908936024,0.0295538380742,-1.77883625031,-3.29482609231e-05
24552400000,0.362519949675,2.24045729637,0.800099611282,0.0120812151581,-1.77883636951,0.000216120228288
24592600000,0.385055184364,2.22970318794,0.800132513046,6.40107318759e-05,-1.77883636951,-0.000108926476969
24592600000,0.4070109725,2.21173501015,0.800132393837,-2.20299207285e-05,-1.77883648872,0.00026438041823
24592600000,0.427871793509,2.18691802025,0.800132334232,5.75889207539e-05,-1.77883648872,0.000138387345942
24592600000,0.449742883444,2.15027832985,0.800131440163,-0.00129100377671,-1.77883648872,8.78002829268e-05
24636200000,0.47204092145,2.10028648376,0.80003798008,-0.0158838257194,-1.77883648872,1.64737630257e-05
24636200000,0.492528498173,2.04282426834,0.799815416336,-0.0274661034346,-1.77883648872,-3.81580939575e-05
24636200000,0.512087881565,1.98981869221,0.799495995045,-0.0369691364467,-1.77883648872,-9.14585907594e-05
24636400000,0.531070590019,1.92568659782,0.799096643925,-0.043866109103,-1.77883648872,-0.00013244470756
24675000000,0.549753606319,1.85042381287,0.798629641533,-0.048888862133,-1.77883648872,-0.000161951742484
24675000000,0.56976467371,1.75142276287,0.79808062315,-0.0526685714722,-1.77883648872,-0.000178507936653
24675000000,0.585037708282,1.67447161674,0.797581970692,-0.0537086650729,-1.77883648872,-0.000188020421774
24675000000,0.600191652775,1.58402514458,0.797076046467,-0.0536687932909,-1.77883648872,-0.000187223762623
24714200000,0.616244494915,1.47293877602,0.796510457993,-0.0527391210198,-1.77883648872,-0.000174971413799
24714200000,0.630835294724,1.357249856,0.795992970467,-0.0506466850638,-1.77883648872,-0.000151949803694
24714200000,0.642351031303,1.23134410381,0.795530498028,-0.0466846562922,-1.77883648872,-0.000108530177386
24714200000,0.654527187347,1.12569105625,0.795052349567,-0.0437000542879,-1.77883648872,-8.76727935974e-05
24753000000,0.664855122566,1.00089240074,0.794642984867,-0.0395461693406,-1.77883648872,-4.54565670225e-05
24753000000,0.674879610538,0.866867721081,0.794235289097,-0.0347232669592,-1.77883648872,2.68030112238e-06
24753000000,0.6828302145,0.733611166477,0.79394441843,-0.0301573462784,-1.77883648872,5.46461124031e-05
24753000000,0.689316511154,0.59806907177,0.793657302856,-0.0242194067687,-1.77883648872,0.000113236135803
24763200000,0.694745719433,0.451205343008,0.793451845646,-0.0185646880418,-1.77883648872,0.000176821049536
24799400000,0.698215901852,0.321040123701,0.793300151825,-0.0129728028551,-1.77883648872,0.000239887769567
24799600000,0.700857698917,0.16638225317,0.793194532394,-0.00667297234759,-1.77883636951,-0.000286515482003
24799600000,0.70180118084,0.0220162998885,0.793157756329,-0.000688461645041,-1.77883636951,-0.000206001306651
24839200000,0.701689660549,-0.0445175990462,0.793157696724,5.77680948481e-05,-1.77883636951,-0.000176799818291
24839200000,0.700754702091,-0.163656771183,0.793157696724,6.00873636358e-06,-1.77883636951,-0.000171852909261
24839200000,0.698283553123,-0.326344400644,0.793157637119,-3.85398670915e-05,-1.77883636951,-0.000195649292436
24839200000,0.69447606802,-0.483752042055,0.79315751791,-7.81811977504e-05,-1.77883636951,-0.000279617466731
24883200000,0.689326286316,-0.634955883026,0.793157339096,-6.00975727139e-05,-1.77883648872,0.000185545824934
24883200000,0.681216597557,-0.804072320461,0.793158233166,0.00107590155676,-1.77883648872,2.27090877161e-05
24883200000,0.673105478287,-0.944500625134,0.793210327625,0.00988437328488,-1.77883648872,8.95940320333e-05
24883200000,0.66309428215,-1.08495676517,0.793357074261,0.0187238976359,-1.77883648872,0.000151310872752
24923200000,0.651723206043,-1.21929228306,0.793585181236,0.0261968467385,-1.77883648872,0.000204095980735
24923200000,0.639323472977,-1.34582448006,0.793873906136,0.0319166257977,-1.77883648872,0.000248831434874
24923200000,0.624608695507,-1.46551370621,0.79424571991,0.0372262001038,-1.77883648872,0.000279323692666
24923200000,0.609827518463,-1.58387577534,0.794630765915,0.0410365685821,-1.77883636951,-0.000287159637082
24923200000,0.593625247478,-1.69286799431,0.795059740543,0.0441800095141,-1.77883636951,-0.000270587450359
24965800000,0.57746130228,-1.791431427,0.795487701893,0.0454577505589,-1.77883636951,-0.000264494534349
24965800000,0.558186650276,-1.88635528088,0.795980095863,0.0474949888885,-1.77883636951,-0.000270979391644
24965800000,0.54028904438,-1.97056829929,0.796446442604,0.0476220101118,-1.77883636951,-0.000284322100924
24965800000,0.517993092537,-2.04690718651,0.796986877918,0.0494580194354,-1.77883648872,0.000270979100605
24973000000,0.499459534883,-2.11791276932,0.797448813915,0.048050057143,-1.77883648872,0.000236857420532
24982600000,0.479103833437,-2.17840719223,0.797916293144,0.0468311086297,-1.77883648872,0.000187768324395
25020800000,0.455997049809,-2.23075556755,0.79842120409,0.0463881418109,-1.77883648872,0.00011472193728
25020800000,0.433723717928,-2.27401685715,0.798866033554,0.0441504567862,-1.77883648872,3.7506371882e-05
25020800000,0.411064147949,-2.30843997002,0.79933744669,0.043014973402,-1.77883648872,-5.78884209972e-05
25061600000,0.389251083136,-2.3051109314,0.799729883671,0.038133751601,-1.77883648872,-0.000167211139342
25061600000,0.366226792336,-2.34901428223,0.800111174583,0.035375982523,-1.77883648872,-0.000242762471316
25061600000,0.341982394457,-2.3621931076,0.800510287285,0.0345533415675,-1.77883660793,0.000230459947488
25061600000,0.317670911551,-2.35775399208,0.80086171627,0.0321032963693,-1.77883660793,0.000112095571239
25102200000,0.29624864459,-2.35232710838,0.801164627075,0.0282816775143,-1.77883660793,-4.53117127108e-06
25102200000,0.272631853819,-2.32998180389,0.801437795162,0.0241066962481,-1.77883660793,-0.000125878883409
25102200000,0.24927598238,-2.29816055298,0.801705956459,0.0219701323658,-1.77883660793,-0.000272566103376
25102200000,0.227674514055,-2.25712823868,0.80191475153,0.0176127981395,-1.77883672714,0.00019188519218
25141600000,0.205993294716,-2.2179107666,0.802088618279,0.0137080457062,-1.77883672714,8.12501166365e-05
25141600000,0.182596951723,-2.1566722393,0.802237391472,0.0109636047855,-1.77883672714,-6.31449147477e-05
25141600000,0.16154499352,-2.09406304359,0.802345991135,0.00769068812951,-1.77883672714,-0.000183409414603
25141600000,0.141555696726,-2.02612161636,0.802420556545,0.00430857622996,-1.77883684635,8.47981646075e-05
25180600000,0.121880091727,-1.94830727577,0.802464008331,0.00143278506584,-1.77883684635,0.000147691025632
25180600000,0.103007748723,-1.86356794834,0.802487075329,7.08443913027e-05,-1.77883684635,-2.11851984204e-05
25180800000,0.0850039720535,-1.77230000496,0.802495598793,7.37993104849e-05,-1.77883684635,-0.000203452305868
25180800000,0.0679612532258,-1.67137491703,0.802496314049,-3.32568888552e-05,-1.77883696556,0.000206065393286
25219800000,0.0522049739957,-1.57472848892,0.802496194839,9.88988449535e-06,-1.77883696556,3.34931901307e-05
25219800000,0.0377211496234,-1.47295856476,0.802496135235,-0.000104906219349,-1.77883696556,-9.96040980681e-05
25219800000,0.0228755138814,-1.3529753685,0.80249607563,-0.000114902832138,-1.77883696556,-0.00021953205578
25219800000,0.0105364555493,-1.24162912369,0.802496016026,6.87354477122e-05,-1.77883696556,-0.000285580696072
25259800000,-0.00206385971978,-1.11036241055,0.802496016026,0.00011794292368,-1.77883708477,0.000273816374829
25259800000,-0.0116794724017,-0.997903585434,0.80249607563,1.19690530482e-05,-1.77883708477,0.000278037245153
25259800000,-0.0214733295143,-0.864045739174,0.802496135235,0.00010586456483,-1.77883696556,-0.000277556013316
25259800000,-0.0291247703135,-0.741794526577,0.802484035492,-0.00226938677952,-1.77883696556,-0.000281297572656
25300200000,-0.0356080755591,-0.618076086044,0.802449524403,-0.00692719547078,-1.77883708477,0.000271078024525
25300200000,-0.0412055961788,-0.485495835543,0.8023686409,-0.0107726976275,-1.77883708477,0.000228381322813
25300200000,-0.045179747045,-0.362697422504,0.802252709866,-0.0134357735515,-1.77883708477,0.000193227853742
25300400000,-0.0483831427991,-0.220432877541,0.802101492882,-0.0155326211825,-1.77883708477,0.000157979200594
25344600000,-0.0499164611101,-0.0962027534842,0.801954448223,-0.0165986288339,-1.77883708477,0.000127790117403
25344600000,-0.0503124147654,0.00151851691771,0.801779866219,-0.0204951334745,-1.77883708477,-0.000127821389469
25344600000,-0.05009675771,0.0641755461693,0.801570475101,-0.0188216362149,-1.77883720398,8.09422635939e-05
25344600000,-0.0489122420549,0.184267148376,0.80138361454,-0.0164604261518,-1.77883720398,7.56296140025e-05
25344600000,-0.0463949479163,0.32124003768,0.801225483418,-0.0153256896883,-1.77883720398,3.89968772652e-05
25389200000,-0.0428472273052,0.449034512043,0.801079392433,-0.0141675462946,-1.77883720398,1.20171569051e-06
25389200000,-0.0380365848541,0.572877347469,0.800928354263,-0.0133587131277,-1.77883720398,-3.4284832509e-05
25389400000,-0.0318127945065,0.693622112274,0.800789535046,-0.0119930570945,-1.77883720398,-6.58618737361e-05
25389400000,-0.0242984741926,0.804578602314,0.800659179688,-0.0106893070042,-1.77883720398,-9.87601524685e-05
25393000000,-0.0153179224581,0.913445055485,0.800545990467,-0.00899009313434,-1.77883720398,-0.000296788348351
25403200000,-0.00538820074871,1.01608705521,0.800452709198,-0.00736748147756,-1.77883732319,6.21103245066e-05
25445200000,0.00423069158569,1.10277509689,0.800379395485,-0.00522155035287,-1.7788374424,-0.000159973846166
25445200000,0.0155172646046,1.18505036831,0.800325572491,-0.0024381254334,-1.77883756161,-0.00012105434871
25445200000,0.0278318636119,1.26026415825,0.800286233425,-0.00140740151983,-1.77883768082,-0.000248656753683
25445200000,0.0398121513426,1.32489347458,0.800261497498,-9.19599333429e-05,-1.77883780003,-0.000208019235288
25490600000,0.0545650757849,1.38673508167,0.800246477127,-2.53938815149e-05,-1.77883791924,-0.000253770733252
25490600000,0.0682520344853,1.43833053112,0.800239861012,-7.97549655545e-05,-1.77883803844,-0.000196430453798
25490600000,0.0823958143592,1.48252046108,0.8002384305,2.04870048037e-05,-1.77883803844,-0.000184035408893
25490600000,0.0990501046181,1.51529192924,0.8002384305,0.000145165759022,-1.77883803844,-0.000186112330994
25534600000,0.112700030208,1.54793155193,0.800238490105,-0.000144729172462,-1.77883803844,-0.000219548805035
25534600000,0.128116726875,1.5692294836,0.8002384305,4.74897533422e-05,-1.77883803844,-0.000274516205536
25534600000,0.14366966486,1.57834994793,0.800238370895,9.73310234258e-05,-1.77883815765,0.000240188441239
25534600000,0.159340903163,1.58873784542,0.800238311291,4.74415282952e-05,-1.77883815765,0.000130136017106
25534600000,0.174743682146,1.58947348595,0.800238192081,-0.00014796324831,-1.77883815765,-1.73098658252e-06
25575000000,0.191370248795,1.57750582695,0.800238072872,7.80016562203e-05,-1.77883815765,-0.000179475275218
25575000000,0.205671384931,1.56619620323,0.800238966942,1.94759213628e-05,-1.77883827686,0.000240739289438
25575000000,0.221046596766,1.54319345951,0.800245523453,-0.000100209363154,-1.77883827686,7.99223998911e-05
25575000000,0.236164718866,1.51363694668,0.800265610218,0.00207567750476,-1.77883827686,-7.47979720472e-05
25582600000,0.250928491354,1.473726511,0.800296425819,0.00579954218119,-1.77883827686,-0.000213413222809
25592400000,0.264743387699,1.43726539612,0.800349116325,0.00835649855435,-1.77883827686,-0.000281649554381
25631000000,0.280108183622,1.38240551949,0.800431728363,0.00988997798413,-1.77883839607,0.00026872890885
25631000000,0.293003082275,1.33153855801,0.80052614212,0.0115000437945,-1.77883839607,0.000226865522563
25631000000,0.30611628294,1.26690816879,0.800635755062,0.0123352957889,-1.77883839607,0.000189551836229
25671800000,0.318358838558,1.20460724831,0.800751447678,0.0129158115014,-1.77883839607,0.000149476341903
25671800000,0.329951405525,1.13580989838,0.800871372223,0.0128569910303,-1.77883839607,0.000114059854241
25671800000,0.340838521719,1.06197226048,0.800991237164,0.0122063979506,-1.77883839607,8.0608544522e-05
25671800000,0.350959986448,0.982308030128,0.801100075245,0.0117636825889,-1.77883839607,5.20774992765e-05
25713400000,0.360663056374,0.898803114891,0.801210105419,0.0104474723339,-1.77883839607,2.25189214689e-05
25713400000,0.369001984596,0.816973924637,0.801302850246,0.00928260758519,-1.77883839607,-2.93852690447e-06
25713400000,0.376237243414,0.735926270485,0.801383376122,0.00801362190396,-1.77883839607,-2.56039329543e-05
25713400000,0.383094102144,0.646767854691,0.801449596882,0.00652994168922,-1.77883839607,-4.67753197881e-05
25713400000,0.389391899109,0.550191342831,0.801506876945,0.00481351697817,-1.77883839607,-6.62495585857e-05
25754800000,0.394398570061,0.457961440086,0.801544427872,0.00308035756461,-1.77883839607,-8.31591460155e-05
25754800000,0.398488372564,0.364911168814,0.801565468311,0.00127012468874,-1.77883839607,-9.55861469265e-05
25755000000,0.401491463184,0.276733726263,0.801571428776,-1.56778367e-06,-1.77883839607,-0.000196669585421
25755000000,0.403824776411,0.181390911341,0.801571309566,3.15535726259e-05,-1.77883851528,0.000147653539898
25763000000,0.40517899394,0.0880655646324,0.801571071148,7.84537769505e-05,-1.77883851528,-8.66799455252e-05
25772600000,0.405616641045,0.000750630046241,0.801570951939,-5.54485859539e-06,-1.77883851528,-0.000242803609581
25814200000,0.405566692352,-0.0164257679135,0.801570951939,6.86905041221e-05,-1.77883863449,-2.52424470091e-05
25814200000,0.405191332102,-0.0811224430799,0.801570832729,-0.000127427338157,-1.77883863449,-0.00022710810299
25814400000,0.403875350952,-0.183520719409,0.801570653915,-2.87168168143e-05,-1.7788387537,0.000192039180547
25814400000,0.401744574308,-0.282202541828,0.801570534706,-0.00012159004109,-1.7788387537,4.64945951535e-05
25855600000,0.398115217686,-0.388834565878,0.801570355892,0.000104928476503,-1.7788387537,-0.000110168584797
25855600000,0.394285857677,-0.47733092308,0.801570296288,-2.60992383119e-05,-1.7788387537,-0.00021576580184
25855600000,0.389038681984,-0.567832231522,0.801570236683,-0.000128430212499,-1.77883887291,0.000276534905424
25855600000,0.382388859987,-0.655050992966,0.801570177078,-0.000119987926155,-1.77883887291,0.000180736446055
25897800000,0.375680476427,-0.729849994183,0.801570117474,2.17012693611e-05,-1.77883887291,0.000113625399536
25897800000,0.368463426828,-0.795544564724,0.801570117474,-5.2705348935e-05,-1.77883887291,5.85602974752e-05
25897800000,0.360445439816,-0.862604677677,0.801570117474,-5.3089512221e-05,-1.77883887291,2.41186880885e-05
25897800000,0.351446896791,-0.92416113615,0.801569461823,-4.74871485494e-05,-1.77883887291,2.00050362764e-06
25940000000,0.342244625092,-0.978533089161,0.80156648159,0.000120945849631,-1.77883887291,-1.49818497448e-05
25940000000,0.332132458687,-1.0287219286,0.801560342312,2.65208946075e-05,-1.77883887291,-3.14245808113e-05
25940000000,0.321534574032,-1.07337677479,0.801551222801,-1.15307257147e-05,-1.77883887291,-4.85264208692e-05
25940000000,0.310726851225,-1.1127191782,0.801540255547,-5.48569951206e-05,-1.77883887291,-6.82450336171e-05
25982200000,0.29909452796,-1.14659500122,0.801529109478,1.9693379727e-05,-1.77883887291,-8.69514406077e-05
25982200000,0.288976490498,-1.18020093441,0.801518976688,-0.000103961283457,-1.77883887291,-0.000101726975117
25982200000,0.277221858501,-1.20145964622,0.80151194334,4.62194184365e-05,-1.77883887291,-0.000118570285849
25982200000,0.264777719975,-1.22033059597,0.801507771015,8.48387207952e-06,-1.77883887291,-0.000134603134939
26024600000,0.252370655537,-1.23824286461,0.801505744457,9.62496342254e-05,-1.77883887291,-0.000148372608237
26024600000,0.239603042603,-1.24353373051,0.801505684853,-0.000105337778223,-1.77883887291,-0.000173244116013
26024600000,0.227523863316,-1.24843156338,0.801505684853,-3.51302769559e-05,-1.77883887291,-0.000216159794945
26024600000,0.216171652079,-1.25063681602,0.801505684853,-1.95275752048e-05,-1.77883887291,-0.000263022317085
26024600000,0.203584715724,-1.24657642841,0.801505684853,-7.70125334384e-05,-1.77883899212,0.000268749106908
26066800000,0.191305533051,-1.23839902878,0.801505625248,6.34442112641e-05,-1.77883899212,0.000184199161595
26066800000,0.178636968136,-1.22460567951,0.801505565643,9.39809106058e-05,-1.77883899212,7.53606072976e-05
26066800000,0.166124463081,-1.20590341091,0.801505506039,-1.31340277676e-06,-1.77883899212,-5.61176784686e-05
26066800000,0.154759809375,-1.18739724159,0.801505386829,9.50774920057e-05,-1.77883899212,-0.000196228618734
26073200000,0.142901167274,-1.16206777096,0.80150526762,6.68430220685e-05,-1.77883911133,0.000229119701544
26082400000,0.132444828749,-1.13805091381,0.801505148411,-4.84796089495e-07,-1.77883911133,5.9336056438e-05
26125000000,0.120903268456,-1.10550880432,0.801504969597,1.15103148346e-05,-1.77883911133,-0.000155023910338
26125200000,0.109494790435,-1.06803953648,0.80150526762,0.00026759802131,-1.77883923054,0.000242163616349
26125200000,0.0999243557453,-1.03585374355,0.801514387131,0.00136144272983,-1.77883923054,0.000177231835551
26125200000,0.0896742641926,-0.995652735233,0.801544725895,0.00323011889122,-1.77883923054,0.000133774534333
26171400000,0.0794574320316,-0.950579285622,0.801586687565,0.0037773991935,-1.77883923054,9.23336338019e-05
26171600000,0.0702548772097,-0.90725684166,0.801634907722,0.00374257704243,-1.77883923054,5.38706517546e-05
26171600000,0.0620071366429,-0.866045832634,0.801672875881,0.00219823629595,-1.77883923054,2.65039307124e-05
26171600000,0.053830627352,-0.820668578148,0.801697492599,0.000365611311281,-1.77883923054,-1.55529578478e-05
26214200000,0.0457934178412,-0.771566152573,0.801706552505,7.57842717576e-05,-1.77883923054,-0.000117561714433
26214200000,0.0382535047829,-0.721496999264,0.801706433296,8.65301553858e-05,-1.77883923054,-0.000289835035801
26214200000,0.0309521052986,-0.668244838715,0.801706314087,1.81372342922e-05,-1.77883934975,0.000158739770995
26214200000,0.02507824637,-0.622061312199,0.801706254482,-7.49544415157e-05,-1.77883934975,7.38164890208e-05
26214200000,0.0192725937814,-0.574343085289,0.801706194878,4.37322923972e-05,-1.77883934975,3.97008261643e-05
26257200000,0.0137250125408,-0.5236749053,0.801706254482,-0.000100653523987,-1.77883934975,7.70086626289e-05
26257200000,0.00887207407504,-0.476264536381,0.801659703255,-0.0118760997429,-1.77883934975,0.000113318419608
26257200000,0.00431150943041,-0.426483541727,0.801481664181,-0.0266790539026,-1.77883934975,0.000116740666272
26257200000,0.000177152120159,-0.375780880451,0.801124513149,-0.0414431355894,-1.77883934975,0.000123329082271
26262400000,-0.00311409798451,-0.331260770559,0.800698876381,-0.05672435835,-1.77883934975,0.000133216177346
26273400000,-0.00644520809874,-0.279568225145,0.800014436245,-0.0710903480649,-1.77883934975,0.00014738542086
26314400000,-0.00890186894685,-0.23652343452,0.799290239811,-0.0865591466427,-1.77883934975,0.000164453245816
26314400000,-0.0110693015158,-0.19201695919,0.798353016376,-0.101956486702,-1.77883934975,0.000184996955795
26314400000,-0.0126457819715,-0.153709277511,0.79737329483,-0.118518069386,-1.77883934975,0.000206663185963
26314400000,-0.0139915561303,-0.112619407475,0.796126723289,-0.134726464748,-1.77883934975,0.000232965918258
26357600000,-0.0149325663224,-0.0735199972987,0.794680297375,-0.151342496276,-1.77883934975,0.000262079294771
26357600000,-0.0155167477205,-0.0336165763438,0.793119132519,-0.168686896563,-1.77883934975,0.000293282762868
26357600000,-0.0156825985759,-0.00312723824754,0.791533768177,-0.187866717577,-1.77883923054,-0.000268582894932
26357600000,-0.0156793687493,0.000677848234773,0.789543509483,-0.207365810871,-1.77883934975,0.00018454126257
26399800000,-0.0156696755439,0.0012303221738,0.78730738163,-0.224980473518,-1.77883946896,0.000224498915486
26399800000,-0.0156557969749,0.00201486842707,0.785155415535,-0.245538800955,-1.77883958817,0.00010152462346
26399800000,-0.0155806941912,0.0207511577755,0.782734870911,-0.264811605215,-1.77883934975,-0.000254218059126
26399800000,-0.0151938255876,0.0576040036976,0.780019700527,-0.28447663784,-1.77883934975,-0.000157350601512
26442200000,-0.0144159980118,0.0958079695702,0.777278125286,-0.306416332722,-1.77883934975,-0.000102032325231
26442400000,-0.0133315641433,0.127094313502,0.774018585682,-0.326363891363,-1.77883934975,-5.22416667081e-05
26442400000,-0.0119940331206,0.153138235211,0.770871043205,-0.3492218256,-1.77883934975,-7.84864641901e-06
26442400000,-0.0101790502667,0.17820559442,0.767086148262,-0.368005037308,-1.77883934975,4.04046622862e-05
26483000000,-0.00820248946548,0.197013050318,0.762904286385,-0.382854729891,-1.77883934975,8.99843507796e-05
26483000000,-0.00638811662793,0.209423959255,0.75959867239,-0.413294374943,-1.77883934975,0.000127593011712
26483000000,-0.00429735891521,0.219892397523,0.755549311638,-0.435722410679,-1.77883934975,0.000171920575667
26483000000,-0.00198029843159,0.228213220835,0.750933051109,-0.454342931509,-1.77883934975,0.000220245186938
26483000000,0.0002660327591,0.23313254118,0.746462106705,-0.476731806993,-1.77883934975,0.000265987182502
26520800000,0.0025979410857,0.235916510224,0.741992294788,-0.500851690769,-1.77883923054,-0.000285620888462
26520800000,0.00499479286373,0.23669795692,0.736616849899,-0.516897678375,-1.77883923054,-0.000235617742874
26520800000,0.00738873099908,0.235485970974,0.731332659721,-0.535656929016,-1.77883923054,-0.000187989266124
26523200000,0.00976052414626,0.232476860285,0.726178109646,-0.558028817177,-1.77883923054,-0.000140470059705
26532400000,0.0118650533259,0.227685466409,0.721081793308,-0.582176685333,-1.77883923054,-9.95976952254e-05
26575200000,0.0141485435888,0.221788153052,0.715114057064,-0.598529934883,-1.77883923054,-5.19274944963e-05
26575200000,0.016364576295,0.214592427015,0.708711624146,-0.609918892384,-1.77883923054,-3.79371181225e-06
26575200000,0.0184636395425,0.206735640764,0.702615380287,-0.626781702042,-1.77883923054,4.14899004682e-05
26575200000,0.0203539263457,0.196371421218,0.697159528732,-0.650640845299,-1.77883923054,8.64753455971e-05
26617200000,0.0223421212286,0.186627492309,0.690368056297,-0.663318157196,-1.77883923054,0.00013510993449
26617200000,0.0241164211184,0.176046669483,0.683955609798,-0.678829193115,-1.77883923054,0.000182539617526
26617200000,0.0258528366685,0.164750665426,0.677140951157,-0.690213620663,-1.77883923054,0.000231172452914
26617200000,0.0275010410696,0.152908608317,0.670061171055,-0.698155581951,-1.77883923054,0.000283616740489
26659400000,0.0288523882627,0.140932604671,0.663715183735,-0.715888619423,-1.77883911133,-0.000264636881184
26659400000,0.0302824173123,0.128541439772,0.656278014183,-0.72008061409,-1.77883911133,-0.000209514953895
26659400000,0.0314591228962,0.116218402982,0.649619221687,-0.733494460583,-1.77883911133,-0.000157838716405
26659400000,0.0325853377581,0.103822283447,0.642305910587,-0.738727509975,-1.77883911133,-0.000103196558484
26701200000,0.0335846841335,0.0915625989437,0.634929478168,-0.742364287376,-1.77883911133,-4.42541604571e-05
26701200000,0.0344430170953,0.0795555487275,0.627503693104,-0.744535386562,-1.77883911133,2.00763588509e-05
26701200000,0.0351565890014,0.0679000839591,0.620191514492,-0.74718862772,-1.77883911133,8.80959487404e-05
26701200000,0.035776309669,0.0566070154309,0.613458633423,-0.75587528944,-1.77883911133,0.000156622176291
26742400000,0.0363269969821,0.0457416959107,0.605666995049,-0.750730752945,-1.77883911133,0.000231180165429
26742400000,0.0367598980665,0.0354620330036,0.598182678223,-0.747357785702,-1.77883899212,-0.000281157786958
26742600000,0.0370661579072,0.025776354596,0.590719044209,-0.742397964001,-1.77883899212,-0.000183366646525
26742600000,0.0372660793364,0.016621241346,0.583436906338,-0.738302409649,-1.77883899212,-5.88432485529e-05
26788000000,0.0373997911811,0.00824969727546,0.576641261578,-0.739042162895,-1.77883899212,0.000131208362291
26788000000,0.0374568551779,0.00191433890723,0.569606363773,-0.734046041965,-1.77883899212,0.000197167959413
26788000000,0.0374770611525,0.00176949601155,0.56279194355,-0.716395497322,-1.77883887291,-0.000101160992926
26788000000,0.0374957956374,0.00169597903732,0.555144608021,-0.70904147625,-1.77883911133,-7.52737178118e-05
26788000000,0.0375099480152,0.00156757724471,0.548765897751,-0.710270404816,-1.77883934975,0.000182178904652
26830200000,0.0375248529017,0.00144245289266,0.541750669479,-0.697744369507,-1.77883946896,1.47056186961e-06
26830200000,0.0375388413668,0.00130512414034,0.534848034382,-0.675790786743,-1.77883958817,-0.000248331372859
26830200000,0.0375512093306,0.001192259253,0.528225839138,-0.668769836426,-1.77883982658,0.000201812348678
26830200000,0.0375613495708,0.00106263870839,0.521865844727,-0.655308425426,-1.77883994579,0.000170486513525
26833000000,0.0375706739724,0.000941028119996,0.515526533127,-0.639259517193,-1.778840065,0.000221813636017
26842400000,0.0375782735646,0.000788241450209,0.509721577168,-0.627231001854,-1.778840065,-0.000215181353269
26884200000,0.0375855080783,0.000685743405484,0.503455400467,-0.606932997704,-1.77884018421,-1.92812349269e-05
26884200000,0.0375913195312,0.000576207006816,0.497491955757,-0.587479114532,-1.77884030342,0.000243939852226
26884200000,0.0375963486731,0.00049190770369,0.491711288691,-0.567752361298,-1.77884030342,-1.59816463565e-05
26884200000,0.0376002304256,0.000402068020776,0.486226290464,-0.549235343933,-1.77884030342,-0.000216977219679
26926800000,0.0376036018133,0.000346941087628,0.480923205614,-0.530561506748,-1.77884042263,0.000221260226681
26926800000,0.0376064479351,0.000296154932585,0.475702047348,-0.510195314884,-1.77884042263,9.30635942495e-05
26926800000,0.0376087389886,0.000264770264039,0.471265047789,-0.498312830925,-1.77884042263,-2.07805626928e-07
26926800000,0.0376110672951,0.000262823683443,0.466310411692,-0.4766921103,-1.77884042263,-0.000101148740214
26968400000,0.0376135483384,0.000276309263427,0.461556822062,-0.455165743828,-1.77884042263,-0.00020488294831
26968400000,0.0376161634922,0.000312017364195,0.457263439894,-0.43791744113,-1.77884054184,0.000279081956251
26968600000,0.0376189947128,0.000350856513251,0.453060299158,-0.41952803731,-1.77884054184,0.000139341922477
26968600000,0.0376227870584,0.000418461189838,0.449115097523,-0.402784138918,-1.77884054184,-4.39648247266e-05
27007000000,0.037627350539,0.000508398341481,0.445030361414,-0.381681114435,-1.77884054184,-0.000264315778622
27007000000,0.0376333147287,0.000622408639174,0.441281139851,-0.363690823317,-1.77884066105,2.18365330511e-05
27007000000,0.0376396179199,0.00074098672485,0.437839329243,-0.34871968627,-1.77884078026,0.000254163576756
27007000000,0.0376474149525,0.000878225837369,0.434546887875,-0.334383189678,-1.77884078026,-0.000180839881068
27049000000,0.0376570448279,0.00103816995397,0.43114233017,-0.316664457321,-1.77884089947,-0.000135176276672
27049000000,0.037668351084,0.00119924626779,0.428136318922,-0.304043531418,-1.77884101868,-0.000194476247998
27049000000,0.0376809164882,0.00137954100501,0.425197035074,-0.291448503733,-1.7788412571,0.000220244561206
27049000000,0.0376955643296,0.00155930523761,0.422377884388,-0.279799669981,-1.7788413763,-4.47691090812e-05
27091600000,0.0377127826214,0.00175114173908,0.419830143452,-0.271825939417,-1.77884161472,0.000160022027558
27091600000,0.037728920579,0.00192697730381,0.417318314314,-0.263744622469,-1.77884173393,-0.000263845286099
27091800000,0.0377561338246,0.00470487447456,0.414735406637,-0.254729419947,-1.77884185314,0.000254737620708
27091800000,0.0378374680877,0.0129891615361,0.412232249975,-0.246901497245,-1.77884173393,-7.97247867013e-06
27133400000,0.0380034334958,0.0223431177437,0.409996390343,-0.242558822036,-1.77884173393,0.000115189010103
27133400000,0.0382955372334,0.0320527628064,0.407418012619,-0.235513880849,-1.77884173393,0.00020097194647
27133600000,0.0386179983616,0.0386800467968,0.405303120613,-0.234941080213,-1.77884173393,0.00026363946381
27133600000,0.0390464961529,0.0442773737013,0.402931720018,-0.232017815113,-1.77884161472,-0.000267122377409
27133600000,0.0394854694605,0.0479475855827,0.400758087635,-0.232698962092,-1.77884161472,-0.000209539881325
27175800000,0.0400040932,0.0505771078169,0.398351281881,-0.231901481748,-1.77884161472,-0.000149614410475
27175800000,0.0405128747225,0.0519605204463,0.396021276712,-0.233540967107,-1.77884161472,-9.1430345492e-05
27175800000,0.040999379009,0.0524294041097,0.393898993731,-0.239523202181,-1.77884161472,-3.96543982788e-05
27175800000,0.0415288805962,0.0521678552032,0.391646653414,-0.245333299041,-1.77884161472,1.597040864e-05
27182600000,0.0420318171382,0.0512739941478,0.38914552331,-0.250749468803,-1.77884161472,7.44068456697e-05
27192800000,0.0425533019006,0.0497210100293,0.386625081301,-0.257676571608,-1.77884161472,0.000134754052851
27232600000,0.0430465713143,0.0476809442043,0.38402363658,-0.265727341175,-1.77884161472,0.000194694759557
27232600000,0.0435079969466,0.0452549085021,0.381328821182,-0.274928838015,-1.77884161472,0.000253278936725
27232600000,0.0439095497131,0.042654491961,0.378700405359,-0.287128925323,-1.77884149551,-0.000284781650407
27232600000,0.0443162098527,0.0389747284353,0.375940352678,-0.293621122837,-1.77884149551,-0.000214527608478
27274800000,0.0446965172887,0.035960983485,0.373090296984,-0.315051734447,-1.77884149551,-0.000152319902554
27274800000,0.0450700931251,0.0322368331254,0.369716703892,-0.325963973999,-1.77884149551,-7.42125557736e-05
27275000000,0.0453491285443,0.0287284143269,0.366663008928,-0.342416614294,-1.77884149551,-1.50639857566e-06
27275000000,0.0456058606505,0.0248976554722,0.36319950223,-0.356885075569,-1.77884149551,8.388896822e-05
27318400000,0.0458426363766,0.0206983610988,0.359579831362,-0.371821701527,-1.77884149551,0.000185291908565
27318400000,0.0460387729108,0.0163581222296,0.355660527945,-0.384911745787,-1.7788413763,-0.000264660455287
27318400000,0.04617151618,0.0124836051837,0.352265894413,-0.407746315002,-1.7788413763,-0.000154991124873
27318400000,0.0462813861668,0.00815767049789,0.347817063332,-0.420487135649,-1.7788413763,6.13998417975e-05
27360200000,0.0463400036097,0.00437763240188,0.344043254852,-0.442581027746,-1.7788412571,-0.000195151631488
27360200000,0.0463702045381,0.00194465648383,0.339309900999,-0.456594407558,-1.7788412571,-9.00057057152e-05
27360200000,0.0463891215622,0.00187912432011,0.334755450487,-0.474319845438,-1.77884149551,-1.97838835447e-05
27360200000,0.0464062020183,0.00180422514677,0.330323070288,-0.495221823454,-1.77884173393,0.000142916527693
27402600000,0.0464238934219,0.00170834024902,0.325330793858,-0.511899292469,-1.77884197235,0.000178700473043
27402600000,0.0464415587485,0.0016211932525,0.319845855236,-0.524031221867,-1.77884209156,-0.000190989725525
27402600000,0.0464562065899,0.0015099766897,0.314815461636,-0.543810129166,-1.77884232998,8.80715087987e-05
27402600000,0.0464701205492,0.0013908976689,0.309522718191,-0.561764478683,-1.77884244919,-0.000160298877745
27445200000,0.0464836657047,0.00126807997003,0.303731113672,-0.574927210808,-1.77884268761,0.000236663458054
27445200000,0.0464942976832,0.00114158983342,0.298601150513,-0.597043931484,-1.77884280682,0.000199532703846
27445200000,0.0465053878725,0.00101800286211,0.292501538992,-0.609498381615,-1.77884292603,0.000159106988576
27445200000,0.0465154983103,0.000898997648619,0.286126792431,-0.61882686615,-1.77884304523,0.000187651588931
27445200000,0.046522796154,0.000774686166551,0.280235379934,-0.635238051414,-1.77884304523,-0.000237338725128
27486800000,0.0465301759541,0.000653098628391,0.273843169212,-0.645772755146,-1.77884316444,-6.43803723506e-05
27486800000,0.0465359352529,0.000537465733942,0.267725616693,-0.660078823566,-1.77884328365,0.000200184585992
27486800000,0.0465403981507,0.000426383601734,0.261244863272,-0.670302093029,-1.77884328365,-5.46958399354e-05
27487000000,0.0465441569686,0.000330455339281,0.254264861345,-0.673994660378,-1.77884328365,-0.000251607503742
27493200000,0.0465467572212,0.00022507023823,0.24773812294,-0.683655083179,-1.77884340286,0.000221042922931
27502400000,0.0465484037995,0.000139536845381,0.241559505463,-0.69667416811,-1.77884340286,0.000148350023665
27548200000,0.0465493202209,6.86091298121e-05,0.234632715583,-0.700665950775,-1.77884340286,0.000121627148474
27548200000,0.0465495437384,-1.0795705748e-05,0.227517083287,-0.701430261135,-1.77884340286,0.000139142401167
27548200000,0.0465491265059,-6.48108107271e-05,0.220506042242,-0.70229113102,-1.77884340286,0.000195592394448
27548200000,0.0465482883155,-0.000105914041342,0.214036568999,-0.70902043581,-1.77884340286,0.00027891487116
27591200000,0.0465442240238,-0.000495026062708,0.20660071075,-0.701115369797,-1.77884328365,-0.000241399684455
27591200000,0.0465360991657,-0.000601192819886,0.200123369694,-0.706840157509,-1.77884328365,-0.000177235051524
27591400000,0.0465227402747,-0.000883979024366,0.193099364638,-0.702393054962,-1.77884328365,-0.000123069185065
27591400000,0.0465091615915,-0.000419402873376,0.186667099595,-0.703491449356,-1.77884328365,-7.82219212851e-05
27633200000,0.0464979447424,-0.000274310237728,0.179577812552,-0.695119142532,-1.77884328365,-1.8349783204e-05
27633200000,0.0464909411967,-8.95973789738e-05,0.172824367881,-0.688714802265,-1.77884328365,3.9814352931e-05
27633200000,0.0464881099761,-5.7902194385e-05,0.166410923004,-0.684262692928,-1.77884328365,8.70263174875e-05
27633200000,0.0464878752828,5.48109483134e-07,0.15953168273,-0.672276496887,-1.77884328365,0.000132896311698
27633200000,0.0464882515371,6.60518635414e-05,0.153015002608,-0.662438929081,-1.77884328365,0.000138121540658
27675800000,0.0464894101024,0.000134867135785,0.146339818835,-0.647929549217,-1.77884328365,9.59738317761e-05
27675800000,0.0464912950993,0.000222247981583,0.140039101243,-0.636064648628,-1.77884328365,4.12603958466e-06
27675800000,0.0464939810336,0.000326458713971,0.13410794735,-0.626785099506,-1.77884328365,-0.000128255414893
27675800000,0.046497900039,0.000415697344579,0.12792879343,-0.611478924751,-1.77884340286,0.00025552479201
27682800000,0.0465027466416,0.000530619698111,0.122011013329,-0.597093701363,-1.77884340286,-1.52649372467e-05
27693000000,0.0465088412166,0.000638258468825,0.116120949388,-0.580322921276,-1.77884352207,0.000225234791287
27732800000,0.0465161576867,0.000760651484597,0.110387332737,-0.562981069088,-1.77884352207,-0.000200318652787
27732800000,0.0465243831277,0.000878731487319,0.105033814907,-0.548613667488,-1.77884364128,-0.000108801446913
27732800000,0.0465340055525,0.00101397174876,0.0997276604176,-0.532091140747,-1.77884376049,-6.30694557913e-05
27775200000,0.0465449020267,0.00113559805322,0.0945847183466,-0.515272021294,-1.7788438797,-0.000117253053759
27775200000,0.0465558096766,0.00127286685165,0.0900073200464,-0.503725647926,-1.77884399891,-0.00019167859864
27775200000,0.0465699732304,0.00139076786581,0.0849902704358,-0.483941078186,-1.77884423733,0.00016307210899
27775200000,0.0465846322477,0.00151956418995,0.0803416594863,-0.466698825359,-1.77884435654,-0.000128524916363
27775200000,0.0466016381979,0.00162697199266,0.0756819471717,-0.446948498487,-1.77884447575,-9.19821832213e-05
27816800000,0.0466264486313,0.00306247686967,0.0715457871556,-0.432575285435,-1.77884459496,0.000249559612712
27816800000,0.046668689698,0.00701278215274,0.0672292858362,-0.413616895676,-1.77884459496,0.000282450520899
27816800000,0.0467583537102,0.0125117860734,0.0633245408535,-0.398670703173,-1.77884447575,-0.000134348898428
27816800000,0.0469011515379,0.0179379209876,0.0595703721046,-0.384000658989,-1.77884447575,-1.73653897946e-05
27822800000,0.0470950268209,0.0221180915833,0.0558152683079,-0.36767321825,-1.77884447575,7.71951308707e-05
27833000000,0.0473284721375,0.0248006954789,0.0522123426199,-0.352044135332,-1.77884447575,0.000162815471413
27873400000,0.0475677624345,0.0263837128878,0.0489568226039,-0.340312749147,-1.77884447575,0.000237885018578
27873400000,0.0478371493518,0.0266152173281,0.0456920154393,-0.327304512262,-1.77884435654,-0.000277636863757
27873400000,0.0480746217072,0.0265250150114,0.0426132045686,-0.316068708897,-1.77884435654,-0.000206244381843
27873400000,0.0483359657228,0.0251782871783,0.0394014678895,-0.302311658859,-1.77884435654,-0.000126045837533
27915600000,0.0485726445913,0.0234642550349,0.0365986227989,-0.294023871422,-1.77884435654,-4.46315643785e-05
27915600000,0.0487901195884,0.0212807953358,0.0337686017156,-0.285039573908,-1.77884435654,4.15635513491e-05
27915600000,0.0489916726947,0.0184701289982,0.0310767646879,-0.277936816216,-1.77884435654,0.000132603527163
27915600000,0.0491642095149,0.0153364427388,0.0282380245626,-0.269039601088,-1.77884435654,0.000243091650191
27956400000,0.0492951236665,0.01253251452,0.0255192201585,-0.262053221464,-1.77884423733,-0.000233486192883
27956400000,0.0494007579982,0.00926090963185,0.0230053495616,-0.258801311255,-1.77884423733,-8.2450969785e-05
27956400000,0.0494745709002,0.00573181267828,0.0204734634608,-0.255997359753,-1.77884423733,9.71855406533e-05
27956600000,0.049512129277,0.00245364592411,0.018014093861,-0.255214899778,-1.77884411812,-0.00021475928952
27996400000,0.0495298057795,0.00157227599993,0.0155122345313,-0.255122870207,-1.77884423733,0.000121003889944
27996400000,0.0495452694595,0.0015145810321,0.0130576286465,-0.256890892982,-1.77884435654,7.68995378166e-05
27996400000,0.0495598874986,0.00145048392005,0.0107439709827,-0.261471658945,-1.77884447575,-0.000192672712728
27996600000,0.0495748072863,0.00135749473702,0.00798581447452,-0.262929797173,-1.77884471416,5.4611795349e-05
28042000000,0.0495879687369,0.00126330379862,0.00529885059223,-0.266181707382,-1.77884483337,-0.000198614477995
28042000000,0.0496001541615,0.00115936680231,0.0027590286918,-0.274266570807,-1.77884507179,0.000193281637621
28042000000,0.0496110804379,0.00105627323501,-9.77810941549e-06,-0.280922591686,-1.778845191,0.000156702386448
28042000000,0.0496213138103,0.000931856920943,-0.0028585519176,-0.288636624813,-1.77884531021,0.000118941396067
28083000000,0.0496300086379,0.000822931702714,-0.00573979318142,-0.29822692275,-1.77884542942,0.000196368331672
28083000000,0.0496379099786,0.000701408425812,-0.00848159193993,-0.308497905731,-1.77884542942,-0.000286281428998
28083000000,0.0496442206204,0.000567128008697,-0.0115685379133,-0.323938935995,-1.77884554863,-9.2467504146e-05
28083000000,0.0496495701373,0.000437985174358,-0.015046573244,-0.333060443401,-1.77884566784,0.000160637791851
28125800000,0.0496534220874,0.000311208248604,-0.0182543676347,-0.348097801208,-1.77884566784,-6.82132522343e-05
28125800000,0.0496560372412,0.00017878379731,-0.0218010749668,-0.361237555742,-1.77884566784,-0.00023041703389
28125800000,0.0496573522687,5.21295369253e-05,-0.0254197027534,-0.375985383987,-1.77884578705,0.000286622351268
28125800000,0.049657523632,-5.07503973495e-05,-0.0289511494339,-0.394171178341,-1.77884578705,0.000294189230772
28125800000,0.0496564283967,-0.000494175241329,-0.0327798090875,-0.410935252905,-1.77884566784,-0.000250361219514
28167400000,0.0496282465756,-0.00466870237142,-0.037268564105,-0.422171056271,-1.77884566784,-0.000239220185904
28167400000,0.0495458804071,-0.0109878694639,-0.0414235033095,-0.440013021231,-1.77884566784,-0.000240038876655
28167400000,0.049398522824,-0.0169293005019,-0.0457369722426,-0.458194702864,-1.77884566784,-0.000239527318627
28167400000,0.0492207966745,-0.0199826266617,-0.0499247349799,-0.479443132877,-1.77884566784,-0.000239359564148
28172400000,0.0489897578955,-0.0229806490242,-0.0547473467886,-0.49589240551,-1.77884566784,-0.000240017106989
28182400000,0.0487416125834,-0.0244028270245,-0.0596424490213,-0.51311737299,-1.77884566784,-0.00024055952963
28220800000,0.0484826676548,-0.0245404373854,-0.0649979263544,-0.525898933411,-1.77884566784,-0.000241059358814
28220800000,0.0482269488275,-0.0242034979165,-0.0700199902058,-0.546229124069,-1.77884566784,-0.000242875088588
28220800000,0.0479768812656,-0.0231578499079,-0.0754159092903,-0.562505185604,-1.77884566784,-0.000245713075856
28262000000,0.047730859369,-0.0219655167311,-0.0813133716583,-0.573911011219,-1.77884566784,-0.000247963209404
28262000000,0.0475126989186,-0.0198406651616,-0.0870270729065,-0.589043617249,-1.77884566784,-0.000252088182606
28262200000,0.0473169796169,-0.017347196117,-0.0925240442157,-0.608195662498,-1.77884566784,-0.000258748186752
28262200000,0.0471468269825,-0.0145928738639,-0.0983903631568,-0.623471200466,-1.77884566784,-0.000264273927314
28303400000,0.0470069982111,-0.0113475583494,-0.104510657489,-0.636628866196,-1.77884566784,-0.000270708842436
28303400000,0.0468972958624,-0.00768598495051,-0.110884569585,-0.647419810295,-1.77884566784,-0.000278580933809
28303400000,0.0468150340021,-0.00416217790917,-0.117115274072,-0.660191774368,-1.77884566784,-0.000289292132948
28303400000,0.0467615239322,-0.00169899407774,-0.123847879469,-0.667248249054,-1.77884566784,-0.000285864574835
28303400000,0.0467302873731,-0.000551952107344,-0.130141407251,-0.679550290108,-1.77884566784,-0.000274419522611
28345600000,0.0467081852257,-0.000209146164707,-0.136923521757,-0.686068952084,-1.77884566784,-0.00026240045554
28345600000,0.0466952547431,-0.000123825258925,-0.143781512976,-0.691204369068,-1.77884566784,-0.000259640626609
28345600000,0.0466903075576,-3.30225375365e-05,-0.150564104319,-0.696768462658,-1.77884566784,-0.000272470817436
28345600000,0.0466903336346,3.01572199533e-05,-0.157507762313,-0.698386311531,-1.77884578705,0.000285374146188
28353200000,0.0466914474964,9.81266566669e-05,-0.164492174983,-0.700088143349,-1.77884578705,0.000205375341466
28362600000,0.0466932468116,0.00016741536092,-0.1706879884,-0.711696445942,-1.77884578705,9.05224660528e-05
28403200000,0.0466956533492,0.000241036148509,-0.177883952856,-0.708772182465,-1.77884578705,-7.66893936088e-05
28403200000,0.0466988310218,0.000326033361489,-0.18476626277,-0.706612110138,-1.77884578705,-0.000284655485302
28403200000,0.0467028394341,0.000381890509743,-0.19166187942,-0.705835580826,-1.77884590626,4.18029267166e-05
28403200000,0.0467078834772,0.000445555429906,-0.198531195521,-0.70207285881,-1.77884590626,-0.000284038367681
28448200000,0.0467131063342,0.000534445978701,-0.205306947231,-0.69482833147,-1.77884602547,-2.80860749626e-05
28448200000,0.0467191822827,0.000606417946983,-0.211946293712,-0.693425059319,-1.77884614468,0.000165077057318
28448200000,0.0467258282006,0.000687952910084,-0.218800649047,-0.684127151966,-1.77884614468,-0.000260719301878
28448200000,0.0467336960137,0.000748202262912,-0.225436970592,-0.675244808197,-1.77884626389,-7.50015096855e-05
28495200000,0.0467432141304,0.000809030316304,-0.23171633482,-0.66845792532,-1.77884638309,6.5525782702e-05
28495200000,0.0467556752264,0.000836278253701,-0.238816455007,-0.648795247078,-1.7788465023,0.000224325718591
28495200000,0.046768926084,0.000905318011064,-0.245014995337,-0.638723015785,-1.7788465023,-0.000150154519361
28495200000,0.0467864871025,0.000943672144786,-0.251221895218,-0.625824153423,-1.77884662151,5.39923712495e-06
28495200000,0.046807449311,0.000971132481936,-0.257334411144,-0.607267618179,-1.77884674072,0.000214868661715
28537200000,0.0468307174742,0.00099677790422,-0.262920796871,-0.602271616459,-1.77884674072,-0.000139011666761
28537200000,0.0468575544655,0.00101635872852,-0.26920118928,-0.579811155796,-1.77884685993,8.50149008329e-05
28537200000,0.0468847602606,0.00162715092301,-0.274167597294,-0.573038637638,-1.77884685993,-0.000179703129106
28537200000,0.0469137206674,0.00145715731196,-0.279673010111,-0.556187570095,-1.77884697914,7.12007822585e-05
28543000000,0.0469420924783,0.00102968572173,-0.285334348679,-0.534704327583,-1.77884709835,7.66611337895e-05
28553000000,0.0469676330686,0.000996564980596,-0.290494948626,-0.517358183861,-1.77884709835,-7.8232769738e-05
28595200000,0.0469883494079,0.00107874721289,-0.295183390379,-0.503708302975,-1.77884721756,0.000167795209563
28595200000,0.0470067225397,0.000953571987338,-0.300298571587,-0.482156485319,-1.77884721756,-0.000246037583565
28595200000,0.0470212735236,0.000917527650017,-0.305123150349,-0.461555063725,-1.77884733677,-0.00014471639588
28595200000,0.0470328554511,0.000867451715749,-0.309418231249,-0.446978807449,-1.77884745598,-4.11826222262e-05
28637000000,0.0470414124429,0.000842632376589,-0.313528180122,-0.423992007971,-1.77884757519,3.87465552194e-05
28637000000,0.0470493659377,0.000756110646762,-0.317653119564,-0.414247721434,-1.7788476944,9.55074137892e-05
28637000000,0.0470568463206,0.000674700597301,-0.321621537209,-0.396816849709,-1.77884781361,0.000170334795257
28637000000,0.0470635183156,0.000601237697992,-0.325571477413,-0.377471506596,-1.77884793282,8.05483796285e-05
28682600000,0.0470692999661,0.000509617326315,-0.329271376133,-0.359905511141,-1.77884793282,-0.000106755527668
28682600000,0.0470737144351,0.000416134600528,-0.332461953163,-0.348307996988,-1.77884805202,0.000174458880792
28682600000,0.0470775552094,0.000322217238136,-0.335723012686,-0.333928465843,-1.77884805202,-0.000113002897706
28682600000,0.0470803640783,0.000209370016819,-0.338909357786,-0.319620281458,-1.77884817123,0.000262313318672
28718800000,0.0470821075141,0.000103414087789,-0.342081397772,-0.304524481297,-1.77884817123,0.000104964252387
28718800000,0.0470826849341,-1.4529069631e-05,-0.344999492168,-0.292006283998,-1.77884817123,3.38888748956e-05
28718800000,0.0470819994807,-0.000165068544447,-0.348087251186,-0.276404440403,-1.77884817123,4.31827684224e-05
28718800000,0.0470715388656,-0.00426349975169,-0.35055527091,-0.268847495317,-1.77884817123,5.15738174727e-05
28760600000,0.0469850413501,-0.0136564616114,-0.353093355894,-0.260346442461,-1.77884817123,4.67378886242e-05
28760600000,0.0468099042773,-0.0226908735931,-0.35555049777,-0.253135561943,-1.77884817123,3.68696091755e-05
28760600000,0.0465079247952,-0.0323601439595,-0.358086705208,-0.245258271694,-1.77884817123,2.96392845485e-05
28760600000,0.0461516343057,-0.0387950241566,-0.360463619232,-0.239892363548,-1.77884817123,2.19053599722e-05
28803400000,0.0457484647632,-0.0433491170406,-0.362747043371,-0.236520349979,-1.77884817123,1.34373776746e-05
28803400000,0.0452872924507,-0.0469693765044,-0.365137279034,-0.232489258051,-1.77884817123,4.2713604671e-06
28803600000,0.044797077775,-0.0493759810925,-0.367458343506,-0.230415642262,-1.77884817123,-5.49311243958e-06
28803600000,0.0443095341325,-0.0504053756595,-0.369771361351,-0.22965221107,-1.77884817123,-1.57149443112e-05
28803600000,0.0437938645482,-0.0509395673871,-0.37199819088,-0.231561690569,-1.77884817123,-2.61604855041e-05
28849200000,0.0432782769203,-0.0506824664772,-0.37433603406,-0.233475625515,-1.77884817123,-3.70102061424e-05
28849200000,0.0428098663688,-0.0491202622652,-0.376517266035,-0.239469379187,-1.77884817123,-4.79248301417e-05
28849200000,0.042295396328,-0.0479568652809,-0.378931760788,-0.244026780128,-1.77884817123,-5.89591982134e-05
28849400000,0.0418479070067,-0.0454162210226,-0.381405770779,-0.249942243099,-1.77884817123,-7.01252647559e-05
28852400000,0.0414305813611,-0.0421654097736,-0.383694559336,-0.260355770588,-1.77884817123,-8.12491634861e-05
28863400000,0.0409894958138,-0.0396845191717,-0.386532008648,-0.265958756208,-1.77884817123,-9.25754720811e-05
28901600000,0.0406355895102,-0.0352744534612,-0.388872683048,-0.280201643705,-1.77884817123,-0.00010408405069
28901600000,0.040266957134,-0.0320084579289,-0.391812294722,-0.289647936821,-1.77884817123,-0.000115598166303
28901600000,0.0399587340653,-0.0278472285718,-0.394760370255,-0.301312804222,-1.77884817123,-0.000127255290863
28947000000,0.039696700871,-0.0231993049383,-0.397713750601,-0.315453648567,-1.77884817123,-0.000139144118293
28947000000,0.0394667908549,-0.0185561906546,-0.400847733021,-0.329450011253,-1.77884817123,-0.00015138546587
28947000000,0.0392942093313,-0.0137252137065,-0.404003739357,-0.34691041708,-1.77884817123,-0.000163852382684
28947000000,0.039162248373,-0.00899608898908,-0.407516717911,-0.362053602934,-1.77884817123,-0.000177270674612
28947000000,0.0390775687993,-0.0038014263846,-0.411043256521,-0.379515826702,-1.77884817123,-0.000192394873011
28989200000,0.0390277393162,-0.0017739093164,-0.414963424206,-0.39498770237,-1.77884817123,-0.000193528074306
28989200000,0.0389988534153,-0.000887116009835,-0.418984264135,-0.41176494956,-1.77884817123,-0.000195674307179
28989200000,0.0389836393297,-0.000154184541316,-0.423187345266,-0.428869396448,-1.77884817123,-0.00020466229762
28989200000,0.0389786101878,-7.69560501794e-05,-0.427128881216,-0.451318860054,-1.77884817123,-0.000237439060584
28992400000,0.038978587836,-1.90286464203e-05,-0.431596279144,-0.470162451267,-1.77884817123,-0.000277799641481
29002600000,0.0389791093767,4.01817815145e-05,-0.436344832182,-0.488115012646,-1.77884829044,0.000238460183027
29044600000,0.0389803797007,6.87719439156e-05,-0.44188579917,-0.497462362051,-1.77884829044,0.000106471859908
29044600000,0.0389820560813,0.000148813473061,-0.446312725544,-0.524698734283,-1.77884829044,-5.12271071784e-05
29044600000,0.0389843396842,0.000223134396947,-0.451523393393,-0.543409407139,-1.77884829044,-0.00024586712243
29044600000,0.0389875508845,0.000290905183647,-0.456954300404,-0.557821035385,-1.77884840965,0.000122464000015
29090200000,0.0389925912023,0.000344380387105,-0.462162673473,-0.582497358322,-1.77884840965,-0.000110367611342
29090200000,0.039000775665,0.000384858169127,-0.468511819839,-0.594160974026,-1.77884852886,0.000208903715247
29090200000,0.0390130653977,0.000438474642579,-0.474449843168,-0.61053198576,-1.77884852886,-4.62363641418e-05
29090200000,0.0390306562185,0.000477023888379,-0.480144590139,-0.630280017853,-1.77884864807,-0.000297720776871
29132000000,0.0390537939966,0.000527903903276,-0.486000925303,-0.650837540627,-1.77884864807,7.77129098424e-05
29132000000,0.0390829890966,0.000544854090549,-0.492651492357,-0.662734091282,-1.77884864807,-0.000182302886969
29132000000,0.039116282016,0.00056397728622,-0.499180853367,-0.676123857498,-1.77884876728,0.000195228902157
29132000000,0.039152354002,0.00055034464458,-0.506114244461,-0.685610234737,-1.77884876728,-5.27158481418e-05
29172400000,0.039188247174,0.000533920596354,-0.512759208679,-0.6991096735,-1.77884888649,8.39708081912e-05
29172400000,0.0392215922475,0.000508316792548,-0.519509375095,-0.711479842663,-1.77884888649,5.72189892409e-05
29172400000,0.0392504781485,0.000453273009043,-0.526786327362,-0.717926204205,-1.77884888649,-0.000205948686926
29172400000,0.0392726771533,0.000407822371926,-0.533577620983,-0.730069220066,-1.7788490057,0.000173046326381
29213800000,0.0392883010209,0.000364378123777,-0.540586054325,-0.739103138447,-1.7788490057,-5.31912446604e-05
29213800000,0.0392980463803,0.000272200442851,-0.547357976437,-0.749084055424,-1.7788490057,-0.000260235770838
29213800000,0.039303123951,0.000154731897055,-0.555673241615,-0.742396175861,-1.77884912491,-2.36792966462e-05
29213800000,0.0393049493432,5.29208118678e-05,-0.562539815903,-0.751509726048,-1.77884912491,-0.000166484693182
29213800000,0.0393053777516,-7.71462000557e-05,-0.570028781891,-0.751680970192,-1.77884912491,-0.000254245998804
29255800000,0.0392924286425,-0.00570088485256,-0.577826797962,-0.744493722916,-1.77884912491,-0.000282914115814
29255800000,0.0392039269209,-0.0173242278397,-0.585172474384,-0.742043018341,-1.77884912491,-0.000286587077426
29255800000,0.0389394760132,-0.0379600189626,-0.592199921608,-0.744330644608,-1.77884912491,-0.000293120625429
29255800000,0.0384967438877,-0.0559340752661,-0.599348843098,-0.743123531342,-1.77884912491,-8.93155083759e-05
29262400000,0.0378543511033,-0.0738391578197,-0.606312870979,-0.742487251759,-1.77884924412,-0.000207009128644
29273200000,0.0369203165174,-0.0971005856991,-0.614252388477,-0.725656151772,-1.77884924412,-0.000296536512906
29316000000,0.0358949191868,-0.113241121173,-0.621103465557,-0.722674190998,-1.77884984016,0.000158560025739
29316000000,0.0346600674093,-0.130288496614,-0.628023564816,-0.716091811657,-1.77885055542,3.52837469109e-06
29316000000,0.0332954525948,-0.145285978913,-0.634996771812,-0.706005573273,-1.77885138988,0.000209371020901
29316200000,0.031851451844,-0.157508403063,-0.641866207123,-0.694841206074,-1.77885246277,0.000182895630132
29355400000,0.0302832536399,-0.168933644891,-0.648347616196,-0.686195254326,-1.77885389328,0.000270444492344
29355400000,0.0283788330853,-0.18473829329,-0.655514121056,-0.66474789381,-1.77885520458,-6.67670828989e-05
29355400000,0.0265740603209,-0.194545850158,-0.661739170551,-0.654273033142,-1.77885651588,-0.000208245852264
29355400000,0.0246293414384,-0.204205036163,-0.668083071709,-0.638548314571,-1.77885806561,0.000200431968551
29400800000,0.0225912518799,-0.212873801589,-0.674146413803,-0.623944222927,-1.77885961533,0.000276652310276
29400800000,0.0202024132013,-0.224259063601,-0.680413901806,-0.602956235409,-1.77886116505,-0.000264513277216
29400800000,0.0179090537131,-0.231502115726,-0.686260402203,-0.584959864616,-1.77886271477,0.00023058669467
29400800000,0.0158366430551,-0.23449793458,-0.691472232342,-0.572541892529,-1.7788643837,-0.000106766565295
29446400000,0.0135334152728,-0.238170787692,-0.697187304497,-0.550048410892,-1.778865695,-5.41615554539e-05
29446400000,0.0111015336588,-0.241315349936,-0.702482104301,-0.53011405468,-1.77886712551,7.84508010838e-05
29446400000,0.00860315002501,-0.242974385619,-0.707782506943,-0.506704688072,-1.77886879444,0.000267260504188
29446400000,0.00619905022904,-0.241449505091,-0.712654948235,-0.485699623823,-1.77887022495,8.92180469236e-05
29446400000,0.00381977227516,-0.239132359624,-0.717340111732,-0.46509000659,-1.77887141705,0.000108307649498
29488600000,0.00162160000764,-0.231572717428,-0.721703350544,-0.444522202015,-1.77887296677,-0.000160679890541
29488600000,-0.000707070867065,-0.227311715484,-0.726061999798,-0.422892302275,-1.77887356281,8.32624937175e-05
29488600000,-0.00296834646724,-0.219043135643,-0.730044186115,-0.402815073729,-1.77887439728,-9.3492490123e-05
29488600000,-0.00517087662593,-0.207998052239,-0.734050452709,-0.378562033176,-1.77887499332,0.00014482086408
29493200000,-0.00716466642916,-0.194557413459,-0.737685382366,-0.357266873121,-1.77887523174,0.000160443116329
29502400000,-0.00887182727456,-0.179055705667,-0.740840554237,-0.340470552444,-1.77887535095,8.8735105237e-05
29546200000,-0.0106026567519,-0.161098614335,-0.744137704372,-0.318310201168,-1.77887535095,-0.000173746229848
29546200000,-0.0121664656326,-0.14058123529,-0.747220873833,-0.296562343836,-1.77887535095,-0.000160826486535
29546200000,-0.0134309418499,-0.118071421981,-0.750093460083,-0.27503234148,-1.77887535095,-0.000147885337356
29546400000,-0.0144335720688,-0.0936920046806,-0.752607047558,-0.256937235594,-1.77887535095,-0.000135539710755
29586200000,-0.0153041342273,-0.0655484870076,-0.755224525928,-0.233909770846,-1.77887535095,-0.000121385448438
29586200000,-0.0158056076616,-0.0363704524934,-0.75732088089,-0.217754453421,-1.77887535095,-0.000109078326204
29586200000,-0.0160338338464,-0.00378723698668,-0.759375154972,-0.199425503612,-1.77887535095,-9.69426182564e-05
29586200000,-0.0160417966545,2.53000616794e-05,-0.761197090149,-0.180033177137,-1.77887535095,-0.000134495727252
29631400000,-0.0160403829068,0.00024940437288,-0.762881994247,-0.163201883435,-1.77887535095,-0.000266792194452
29631400000,-0.0159986503422,0.0102174915373,-0.764412760735,-0.147537127137,-1.77887547016,0.000209083736991
29631600000,-0.0157365817577,0.0559738725424,-0.765837490559,-0.135322704911,-1.77887547016,0.000198049659957
29631600000,-0.0149544784799,0.11483733356,-0.767024338245,-0.122560054064,-1.77887547016,0.000163131626323
29677600000,-0.0135125163943,0.17485126853,-0.768161833286,-0.107238121331,-1.77887547016,0.000168878163095
29677600000,-0.0116201099008,0.23266543448,-0.769159555435,-0.0929329618812,-1.77887547016,0.000113031499495
29677600000,-0.0088010346517,0.290733635426,-0.770066320896,-0.0774812400341,-1.77887547016,0.000118154101074
29677600000,-0.00580671057105,0.345369279385,-0.770779371262,-0.0657450184226,-1.77887547016,0.000105421189801
29677600000,-0.0020776996389,0.399707764387,-0.771380841732,-0.05488377437,-1.77887547016,-1.19159567475e-05
29720400000,0.0018419472035,0.453068584204,-0.77184343338,-0.0475311242044,-1.77887547016,-1.51743752212e-05
29720400000,0.00652858894318,0.506479799747,-0.772255778313,-0.0385170355439,-1.77887547016,-2.01990442292e-05
29720400000,0.0117380917072,0.55945533514,-0.772581934929,-0.0302363988012,-1.77887547016,-0.00012068151409
29720400000,0.0177108384669,0.611779928207,-0.772838950157,-0.0214325096458,-1.77887547016,-0.00013472721912
29722600000,0.0236007794738,0.666111469269,-0.773008167744,-0.0164164062589,-1.77887547016,-0.00017202035815
29732400000,0.0304872058332,0.714755952358,-0.77312284708,-0.0109737413004,-1.77887547016,-0.000198141962755
29774000000,0.037577599287,0.764658629894,-0.773191809654,-0.00537402881309,-1.77887570858,-4.19045063609e-05
29774000000,0.0457895286381,0.812583446503,-0.773230552673,-0.000227160635404,-1.77887701988,5.60511070944e-05
29774000000,0.053332682699,0.861017227173,-0.773252665997,0.000107511063106,-1.77887880802,-0.000289844669169
29774000000,0.0627182051539,0.907994568348,-0.773265659809,-5.15147221449e-05,-1.77888143063,4.18093950429e-05
29820000000,0.0716712325811,0.953113377094,-0.773272693157,-0.000106589803181,-1.77888429165,0.000285376649117
29820000000,0.0810353904963,0.996073246002,-0.773275852203,4.66743513243e-05,-1.77888739109,-0.000294045777991
29820000000,0.0912055298686,1.03608906269,-0.773276925087,0.000144989142427,-1.77889037132,0.000222355301958
29820000000,0.100916415453,1.07457685471,-0.773276984692,3.24733537127e-06,-1.77889347076,-0.000251155113801
29862000000,0.111831210554,1.10963714123,-0.773277044296,0.000122979588923,-1.778896451,0.000275653990684
29862000000,0.123318970203,1.14074897766,-0.773277103901,0.000105760293081,-1.77889943123,4.18162235292e-05
29862000000,0.134429171681,1.17017745972,-0.773276507854,6.18247213424e-05,-1.77890205383,-2.48214746534e-05
29862000000,0.146234303713,1.19114804268,-0.773272454739,2.95012505376e-05,-1.77890431881,-0.000148615901708
29904400000,0.158069878817,1.21718871593,-0.773265957832,4.55496519862e-05,-1.77890646458,6.5626722062e-05
29904400000,0.17036408186,1.23432660103,-0.773254513741,-3.2397951145e-05,-1.7789080143,6.58544522594e-05
29904400000,0.182820379734,1.24648082256,-0.773239970207,-4.65136690764e-05,-1.77890944481,0.000286679889541
29904400000,0.195142686367,1.25562727451,-0.773223936558,6.73674003338e-05,-1.77891099453,-0.000154349341756
29904400000,0.206272512674,1.26621234417,-0.773208141327,7.67741803429e-05,-1.77891230583,-1.85101416719e-05
29949600000,0.220205187798,1.25876164436,-0.77319419384,3.31459814333e-05,-1.77891337872,-5.20843859704e-05
29949600000,0.231095016003,1.26260089874,-0.773183107376,5.27898118889e-05,-1.77891433239,-2.39482560573e-05
29949600000,0.244688227773,1.24688231945,-0.7731757164,8.76690828591e-05,-1.77891552448,0.000236655730987
29949600000,0.256417781115,1.23619055748,-0.773171842098,2.59105290752e-05,-1.77891659737,-8.91937597771e-05
29953000000,0.268487900496,1.21734404564,-0.77317070961,-8.59504143591e-05,-1.77891755104,9.30984169827e-05
29963200000,0.280589491129,1.19189715385,-0.773170888424,2.55152258433e-06,-1.77891862392,0.000256024621194
30007200000,0.292423963547,1.1612855196,-0.773171067238,5.6878579926e-05,-1.7789195776,-5.95268647885e-05
30007200000,0.303037643433,1.13296627998,-0.773171186447,-5.8306792198e-05,-1.77892017365,0.000152853259351
30007200000,0.3142157197,1.0928311348,-0.773171365261,-4.47948186775e-05,-1.77892076969,0.000142174729262
30007200000,0.324976652861,1.04757773876,-0.773171782494,-4.92669532832e-05,-1.77892100811,5.24454117112e-05
30049200000,0.335270047188,0.997439742088,-0.773172795773,-4.86097633257e-05,-1.77892100811,-8.99891019799e-05
30049200000,0.344858258963,0.944544196129,-0.773174703121,-0.000135121415951,-1.77892100811,-0.00023835952743
30049200000,0.354081690311,0.88503575325,-0.773178040981,4.96492102684e-05,-1.77892112732,0.000203868912649
30049200000,0.362530618906,0.823183953762,-0.773183405399,3.87841100746e-06,-1.77892112732,4.25379221269e-05
30090600000,0.36943808198,0.767871320248,-0.773191213608,-5.5099149904e-05,-1.77892112732,-0.000109007043648
30090600000,0.376813322306,0.696135818958,-0.773202300072,-4.96078573633e-05,-1.77892112732,-0.00027304989635
30090600000,0.383826434612,0.615269720554,-0.773217737675,-0.000398341246182,-1.77892124653,0.000132413042593
30090600000,0.389513105154,0.536052882671,-0.773236453533,-0.00246109743603,-1.77892124653,-4.29062856711e-05
30133000000,0.394266843796,0.462501883507,-0.773260831833,-0.00376396463253,-1.77892124653,-0.000274975871434
30133000000,0.398519456387,0.377773970366,-0.773295879364,-0.00423850724474,-1.77892136574,0.000101741374237
30133000000,0.401612788439,0.298119038343,-0.773331999779,-0.00421128654853,-1.77892136574,-0.00010347123316
30133000000,0.40423515439,0.206290528178,-0.77337449789,-0.00398293975741,-1.77892148495,0.000259509513853
30175600000,0.405906111002,0.11291320622,-0.773413658142,-0.00367109104991,-1.77892148495,2.47990828939e-05
30175600000,0.406603515148,0.019935881719,-0.773445725441,-0.00302440999076,-1.77892148495,-0.000214726169361
30175600000,0.406640589237,-0.000272059493,-0.773505210876,-0.00852508004755,-1.77892160416,0.000156576817972
30175600000,0.40642118454,-0.0618841759861,-0.773551702499,-0.000781242153607,-1.77892160416,-7.13175759302e-05
30175600000,0.405344128609,-0.16834564507,-0.773564517498,-0.000102505298855,-1.77892160416,-0.000237586078583
30217400000,0.403232872486,-0.280485361814,-0.773569822311,2.03620106731e-06,-1.77892172337,0.000180431219633
30217400000,0.40021443367,-0.386668562889,-0.77357339859,5.29633398401e-05,-1.77892172337,2.15332020161e-05
30217400000,0.395661532879,-0.496919512749,-0.773575365543,-7.13239714969e-05,-1.77892172337,-0.000130522705149
30217400000,0.390560537577,-0.596352398396,-0.773576140404,-0.000100727469544,-1.77892172337,-0.000280711130472
30223200000,0.383721679449,-0.697096586227,-0.773576319218,-6.39278514427e-05,-1.77892184258,0.000180214148713
30233000000,0.376581549644,-0.789974033833,-0.773576438427,-0.000135233494802,-1.77892184258,4.70679951832e-05
30274800000,0.368576914072,-0.878895998001,-0.773575246334,6.37748962617e-05,-1.77892184258,-8.25669339974e-05
30274800000,0.359166204929,-0.964295089245,-0.77357006073,1.62263295351e-05,-1.77892184258,-0.000227749726037
30274800000,0.350123345852,-1.04422724247,-0.773557960987,-9.8555618024e-05,-1.77892196178,0.000236953434069
30274800000,0.339079767466,-1.12108421326,-0.773536324501,9.00201212062e-06,-1.77892196178,8.40164429974e-05
30316600000,0.327243745327,-1.19160079956,-0.773502707481,2.0067427613e-05,-1.77892196178,-7.12302789907e-05
30316600000,0.314920842648,-1.25657510757,-0.773455619812,-0.000104846498289,-1.77892196178,-0.000223615803407
30316600000,0.30225327611,-1.31317007542,-0.773395180702,0.00016911268176,-1.77892208099,0.000224974370212
30316600000,0.289238631725,-1.3746547699,-0.773319005966,0.00287719070911,-1.77892208099,-0.000292308512144
30357400000,0.275420039892,-1.42539250851,-0.773231327534,0.00512285158038,-1.77892231941,4.09548702009e-05
30357400000,0.261430412531,-1.47116339207,-0.773133814335,0.00839750468731,-1.77892243862,0.000218043162022
30357400000,0.247055068612,-1.5105035305,-0.773027539253,0.0111246351153,-1.77892267704,0.00013141031377
30357400000,0.23204536736,-1.54169988632,-0.772916615009,0.0146081000566,-1.77892279625,-0.000182072166353
30401800000,0.217387527227,-1.56919562817,-0.772798776627,0.0166345462203,-1.77892291546,0.000220014335355
30401800000,0.201586231589,-1.58521938324,-0.772672474384,0.0156802292913,-1.77892315388,-4.6782039135e-05
30401800000,0.185959160328,-1.59545266628,-0.772548913956,0.0155129637569,-1.77892327309,0.000102336220152
30401800000,0.170264616609,-1.59843659401,-0.772430539131,0.0148293646052,-1.77892351151,1.86544475582e-05
30441600000,0.15457329154,-1.59379792213,-0.772310554981,0.0119488863274,-1.77892363071,-0.000191052939044
30441600000,0.137023717165,-1.56820821762,-0.772195279598,0.00460210349411,-1.77892363071,-0.000279268540908
30441600000,0.12250944972,-1.55373418331,-0.77210444212,0.00685306731611,-1.77892398834,-0.00011448913574
30441600000,0.107255034149,-1.52891433239,-0.772019028664,0.00445004506037,-1.77892398834,-0.000198959125555
30483400000,0.0929414704442,-1.49557161331,-0.771951258183,0.00505626061931,-1.77892398834,-0.000258060346823
30483400000,0.0784078538418,-1.4527939558,-0.771894335747,0.00276832934469,-1.77892422676,5.503725788e-06
30483400000,0.0648836418986,-1.4077808857,-0.771852076054,0.00196969136596,-1.77892422676,-8.2899168774e-05
30483400000,0.0515307672322,-1.35666716099,-0.77182251215,-1.91581730178e-05,-1.77892422676,-0.00012360594701
30483400000,0.037992130965,-1.28574776649,-0.771805763245,0.00011324974912,-1.77892422676,-0.000158837472554
30526000000,0.025182813406,-1.21044313908,-0.771798372269,5.10020472575e-05,-1.77892422676,-0.000185081953532
30526000000,0.01361440029,-1.13314890862,-0.771796882153,-0.000130156535306,-1.77892422676,-0.000195109503693
30526000000,0.00262922607362,-1.04660260677,-0.771796882153,2.91611886496e-05,-1.77892422676,-0.000193481071619
30526000000,-0.00631331885234,-0.967953205109,-0.771796822548,-1.15548200483e-05,-1.77892422676,-0.00018098304281
30533000000,-0.0162590723485,-0.860201120377,-0.771796703339,-0.000101241603261,-1.77892422676,-0.000154383902554
30543000000,-0.0242723710835,-0.758605718613,-0.771796584129,-7.91340644355e-05,-1.77892422676,-0.000117183044495
30585600000,-0.0307376720011,-0.661145269871,-0.77179646492,8.75263431226e-05,-1.77892422676,-7.24750716472e-05
30585600000,-0.0371769480407,-0.540604829788,-0.771796226501,-6.73380636727e-05,-1.77892422676,-8.64898447617e-06
30585600000,-0.0418877117336,-0.426715940237,-0.771807134151,-0.00300209783018,-1.77892422676,9.87805196928e-06
30585600000,-0.0454845167696,-0.309224247932,-0.771860837936,-0.00829906575382,-1.77892422676,4.62353227704e-06
30627400000,-0.0479415431619,-0.188825622201,-0.771958291531,-0.0131203057244,-1.77892422676,9.06994409888e-06
30627400000,-0.0492453165352,-0.0636473596096,-0.772098898888,-0.0164917018265,-1.77892422676,1.65334004123e-05
30627400000,-0.0494747050107,0.000339511869242,-0.772232651711,-0.0102912411094,-1.77892422676,-6.91432796884e-05
30627400000,-0.0491313897073,0.0919543802738,-0.772388577461,-0.0207538027316,-1.77892422676,-0.000191239043488
30673200000,-0.0475608706474,0.234793260694,-0.772622585297,-0.0242366120219,-1.77892422676,-0.000187256446225
30673200000,-0.0448574125767,0.378389507532,-0.772846102715,-0.0274144951254,-1.77892422676,-0.000188853809959
30673200000,-0.039964992553,0.532636225224,-0.773107528687,-0.0239575300366,-1.77892422676,-0.000188877689652
30673200000,-0.0340240895748,0.675386726856,-0.77334177494,-0.0230718553066,-1.77892446518,5.34683604201e-05
30673200000,-0.0273437779397,0.811481177807,-0.773547887802,-0.025980507955,-1.77892494202,-0.000157006143127
30719400000,-0.0191503316164,0.944837033749,-0.773761212826,-0.0249103922397,-1.77892553806,0.000242695459747
30719400000,-0.00931957457215,1.07639241219,-0.773964107037,-0.0225492753088,-1.77892649174,7.79547408456e-05
30719400000,0.00202296860516,1.20431768894,-0.774136900902,-0.0231955032796,-1.77892744541,-0.000218603585381
30719400000,0.0154383275658,1.32605350018,-0.774317681789,-0.0162723157555,-1.7789285183,0.000257041101577
30723000000,0.0290660206228,1.4423340559,-0.774467945099,-0.0141178425401,-1.77893054485,0.000252188852755
30733400000,0.0435092635453,1.5542473793,-0.774604141712,-0.00971361529082,-1.77893280983,0.000257142353803
30771800000,0.0583187825978,1.66152405739,-0.774717092514,-0.0109128216282,-1.77893531322,0.000210482568946
30771800000,0.0750818252563,1.76151227951,-0.774820923805,-0.00439178943634,-1.77893841267,-0.000222948539886
30771800000,0.0939168259501,1.85229456425,-0.77490401268,-0.000144177916809,-1.77894186974,-7.01061389918e-06
30813200000,0.111812777817,1.941426754,-0.77497112751,-0.000397789524868,-1.77894604206,-6.22350416961e-05
30813200000,0.131681725383,2.0221259594,-0.775023341179,9.2247784778e-05,-1.77895092964,0.000224805873586
30813200000,0.152336195111,2.09450817108,-0.775061666965,-8.49206917337e-05,-1.7789567709,1.09101965791e-05
30813200000,0.171535253525,2.16336631775,-0.775085091591,7.09783271304e-05,-1.77896285057,0.000132557863253
30855600000,0.195234671235,2.21544766426,-0.775089144707,8.57147169882e-05,-1.7789683342,0.000112122099381
30855600000,0.216384917498,2.2682621479,-0.77506929636,0.000293568824418,-1.77897286415,-0.00022752660152
30855600000,0.239318951964,2.305331707,-0.775022208691,0.00196038535796,-1.77897632122,-0.00021839850524
30855600000,0.262614399195,2.33208274841,-0.774936497211,0.00927739404142,-1.7789785862,-7.95774903963e-05
30855600000,0.285708457232,2.3527007103,-0.77482098341,0.0103776445612,-1.7789798975,0.000143285418744
30896800000,0.307552695274,2.37387728691,-0.774653673172,0.0157073177397,-1.77898013592,0.000262050423771
30896800000,0.331841319799,2.37136769295,-0.774422883987,0.023038322106,-1.77898013592,6.47283522994e-05
30896800000,0.353280216455,2.37730312347,-0.774143993855,0.0271521303803,-1.77898013592,-0.000137281589559
30897000000,0.377942711115,2.35447263718,-0.773809671402,0.0318613313138,-1.77898025513,0.000225073788897
30902600000,0.400064527988,2.33669877052,-0.773432254791,0.0361107438803,-1.77898025513,-1.17202334877e-05
30912600000,0.422854453325,2.30365920067,-0.773018181324,0.0395064689219,-1.77898025513,-0.000264907168457
30954000000,0.445668578148,2.25288033485,-0.77256911993,0.041253298521,-1.77898037434,8.32102014101e-05
30954000000,0.467619806528,2.20821905136,-0.772116303444,0.0435635782778,-1.77898037434,-0.000187820493011
30954000000,0.489485353231,2.14560675621,-0.771618306637,0.046855840832,-1.77898049355,0.000118213647511
30954000000,0.510699093342,2.073325634,-0.771103799343,0.0493834614754,-1.77898049355,-0.000176194735104
30995600000,0.530373156071,2.00032973289,-0.770569503307,0.0518933907151,-1.77898061275,0.000122102268506
30995600000,0.549671292305,1.9158744812,-0.770052313805,0.0520424358547,-1.77898061275,-0.000178034068085
30995600000,0.568467438221,1.82008576393,-0.769536674023,0.0514792278409,-1.77898073196,0.000105172846816
30995600000,0.58594250679,1.72082483768,-0.769048035145,0.0491967797279,-1.77898073196,-0.000214575236896
31041200000,0.602088093758,1.61873054504,-0.768550217152,0.0478551276028,-1.77898085117,4.99150773976e-05
31041200000,0.617507755756,1.50649631023,-0.768059372902,0.0467769503593,-1.77898085117,-0.000287507049507
31041200000,0.632350087166,1.38143444061,-0.767590343952,0.0448628030717,-1.77898097038,-3.3182604966e-05
31041200000,0.645406186581,1.25843930244,-0.767156720161,0.0419992282987,-1.77898108959,0.000236257561482
31082800000,0.657225370407,1.13048779964,-0.766753911972,0.038627486676,-1.77898108959,-0.000106240971945
31082800000,0.667961597443,0.99487644434,-0.76637917757,0.034968893975,-1.7789812088,0.000144310222822
31082800000,0.67663449049,0.86861115694,-0.766069889069,0.0304872933775,-1.7789812088,-0.000203461138881
31082800000,0.684551119804,0.729176163673,-0.765782892704,0.0260834079236,-1.77898132801,4.30654326919e-05
31124000000,0.69108492136,0.587094843388,-0.765542805195,0.0212969910353,-1.77898144722,0.000207714983844
31124000000,0.696212828159,0.443113476038,-0.765359640121,0.0166412070394,-1.77898144722,-5.70292104385e-05
31124000000,0.700092613697,0.290581762791,-0.765212535858,0.0103690680116,-1.77898156643,0.000164788405527
31124000000,0.702217459679,0.149210497737,-0.765135884285,0.00515269394964,-1.77898156643,-0.000172352520167
31124000000,0.703018069267,0.00481201661751,-0.765110731125,4.76281347801e-05,-1.77898168564,0.00011475620704
31166200000,0.702856779099,-0.047461874783,-0.765111088753,2.20433703362e-05,-1.77898168564,-0.000188358608284
31166200000,0.701975286007,-0.175641030073,-0.765110552311,4.31789885624e-05,-1.77898180485,0.000163327902555
31166200000,0.699484229088,-0.341439962387,-0.765110850334,7.51077386667e-05,-1.77898180485,-5.58505707886e-05
31166200000,0.695119678974,-0.508543252945,-0.765111029148,-9.57186512096e-06,-1.77898180485,-0.000281895656371
31173200000,0.689415514469,-0.66161352396,-0.765113055706,-0.00140562723391,-1.77898192406,4.03119738621e-05
31182800000,0.682721793652,-0.802889108658,-0.765159845352,-0.00814929138869,-1.77898192406,-0.000284226553049
31223400000,0.674032211304,-0.944724440575,-0.765306472778,-0.0184964928776,-1.77898204327,-5.82960892643e-05
31223400000,0.663931906223,-1.08020436764,-0.765562474728,-0.029123807326,-1.77898216248,0.000170703046024
31223400000,0.652967691422,-1.20794010162,-0.765897572041,-0.0363834053278,-1.77898216248,-0.000179021284566
31223400000,0.640555560589,-1.32968139648,-0.766298115253,-0.040846273303,-1.77898228168,6.1996448494e-05
31262200000,0.626399934292,-1.4440754652,-0.76682806015,-0.0520674586296,-1.77898240089,8.16789470264e-05
31262200000,0.612051069736,-1.54731988907,-0.767354846001,-0.0540439523757,-1.77898240089,-4.56637426396e-05
31262200000,0.59561175108,-1.65599799156,-0.767918288708,-0.0596294403076,-1.7789825201,0.000193776984815
31262800000,0.579286515713,-1.74055957794,-0.768515586853,-0.0581187307835,-1.77898263931,0.00019259795954
31272800000,0.562814414501,-1.83410680294,-0.769122719765,-0.0597179122269,-1.77898263931,-0.000110104047053
31310200000,0.543628811836,-1.91639530659,-0.769756317139,-0.0631543546915,-1.77898275852,0.000147078928421
31310200000,0.523711204529,-1.97617673874,-0.770379722118,-0.061376541853,-1.77898287773,1.7399301214e-05
31310200000,0.504339933395,-2.03932833672,-0.770923137665,-0.0538082048297,-1.77898299694,0.000264387781499
31351200000,0.483169406652,-2.08773446083,-0.771493136883,-0.0526284985244,-1.77898311615,-1.28799474624e-05
31351200000,0.463604569435,-2.14117431641,-0.771954476833,-0.0437071993947,-1.77898323536,-0.000296908838209
31351200000,0.442445725203,-2.17275428772,-0.772372543812,-0.0341952070594,-1.77898335457,-0.000177975438419
31351200000,0.420529663563,-2.20028281212,-0.77270668745,-0.0266377236694,-1.77898359299,9.64266000665e-05
31392200000,0.398640811443,-2.23324561119,-0.772900462151,-0.0142490584403,-1.7789837122,8.41326836962e-05
31392200000,0.376187056303,-2.23751282692,-0.773047804832,-0.0027031826321,-1.77898418903,0.000209804638871
31392200000,0.355927795172,-2.24990963936,-0.77311950922,-8.63286404638e-05,-1.77898466587,3.82641665055e-05
31392200000,0.331635862589,-2.22852349281,-0.773087441921,-0.000126600512885,-1.77898466587,-0.000260721426457
31434000000,0.311426758766,-2.2290699482,-0.772954463959,0.0218156669289,-1.77898561954,-5.4880965763e-05
31434000000,0.290531903505,-2.21340560913,-0.772692978382,0.0464020520449,-1.77898716927,-3.75317031285e-05
31434000000,0.266723841429,-2.17724084854,-0.772137105465,0.0722076520324,-1.77898955345,2.68007352133e-06
31434000000,0.245401576161,-2.14264178276,-0.771285295486,0.101640805602,-1.77899253368,0.000140707066748
31434200000,0.2252997756,-2.10844802856,-0.77024435997,0.139782875776,-1.77899610996,0.000122195357108
31476400000,0.203968122602,-2.05108046532,-0.768728971481,0.170666784048,-1.7790004015,0.000178962305654
31476400000,0.183194622397,-1.98640406132,-0.766848325729,0.202873513103,-1.77900528908,0.000145459212945
31476400000,0.164967790246,-1.93944132328,-0.764679193497,0.239736184478,-1.77901089191,-0.000253303733189
31476400000,0.147674754262,-1.88888502121,-0.762361228466,0.28492423892,-1.77901756763,7.02604738763e-05
31482600000,0.129137173295,-1.81417512894,-0.759396076202,0.324333429337,-1.77902460098,-0.000208822428249
31493200000,0.110660798848,-1.7259683609,-0.755861282349,0.361747562885,-1.77903258801,0.000274462479865
31535000000,0.0937062501907,-1.64143669605,-0.751928567886,0.402327746153,-1.7790415287,-0.00016663534916
31535000000,0.0794664546847,-1.57878768444,-0.748141229153,0.458428740501,-1.77905118465,0.000139389390824
31535200000,0.0630214288831,-1.46771538258,-0.74334025383,0.503831684589,-1.77906191349,-0.000252897472819
31535200000,0.0500365309417,-1.39986014366,-0.738606274128,0.56249320507,-1.77907323837,0.000212727871258
31581000000,0.0364878699183,-1.3043769598,-0.732844829559,0.612862586975,-1.77908551693,-0.000261742417933
31581000000,0.0238897390664,-1.20647060871,-0.726543545723,0.66512209177,-1.77909839153,-0.000150523046614
31581000000,0.0124804535881,-1.11161720753,-0.719539284706,0.716621994972,-1.77911233902,0.000166294150404
31581000000,0.00221241381951,-1.02036130428,-0.71224373579,0.773853778839,-1.77912712097,3.09831993945e-05
31623400000,-0.00751923536882,-0.920662939548,-0.70437681675,0.832884430885,-1.77914261818,0.000147138081957
31623400000,-0.0161075275391,-0.825574159622,-0.696102142334,0.895931780338,-1.77915871143,-0.000242612033617
31623400000,-0.0241939481348,-0.718961238861,-0.686681330204,0.951894283295,-1.77917540073,0.000164990517078
31623400000,-0.0303645469248,-0.642573416233,-0.677614629269,1.02312016487,-1.77919280529,2.00386352844e-06
31623400000,-0.0362052433193,-0.551546216011,-0.667354464531,1.08719861507,-1.77921080589,5.42295310879e-05
31665400000,-0.040972687304,-0.47049331665,-0.656463205814,1.1521384716,-1.77922940254,-8.14291779534e-05
31665400000,-0.0452462770045,-0.376795262098,-0.644448876381,1.211632967,-1.77924847603,5.01357062603e-05
31665400000,-0.048381768167,-0.301324516535,-0.633530318737,1.292111516,-1.77926790714,4.06797189498e-05
31665400000,-0.0509907379746,-0.210824936628,-0.619666159153,1.34730088711,-1.77928781509,0.0001744665351
31672800000,-0.0526579879224,-0.135351404548,-0.606177330017,1.4140355587,-1.77930808067,7.73053834564e-05
31682600000,-0.0535796917975,-0.0669694840908,-0.59233212471,1.48449027538,-1.77932858467,0.000130709682708
31727400000,-0.0538472048938,0.000161241085152,-0.577241837978,1.54820144176,-1.77934908867,-0.00016187762958
31727400000,-0.0538776889443,0.00365590094589,-0.561123669147,1.61005198956,-1.77936995029,-0.000148564198753
31727400000,-0.0537678264081,0.0242234654725,-0.545994341373,1.68345892429,-1.77939081192,-1.07216683318e-05
31727400000,-0.0531712509692,0.0848689004779,-0.528594732285,1.73751223087,-1.77941155434,-0.000289790419629
31773600000,-0.051904655993,0.155023738742,-0.51052904129,1.79099750519,-1.77943265438,0.000140543139423
31773600000,-0.0501538813114,0.206141218543,-0.493271768093,1.8645080328,-1.77945327759,0.000263636786258
31773600000,-0.0479128137231,0.249250382185,-0.475841909647,1.94052302837,-1.77947080135,0.000275222788332
31773600000,-0.0449629835784,0.298183888197,-0.456293284893,1.99680554867,-1.77948451042,-1.62294581969e-05
31773600000,-0.0417387783527,0.332914292812,-0.436139076948,2.05058693886,-1.77949380875,-0.00023595825769
31816200000,-0.0382186435163,0.359842509031,-0.414980351925,2.09570622444,-1.77949857712,0.00127358059399
31816200000,-0.034704759717,0.373394429684,-0.39409378171,2.14990139008,-1.77949976921,0.00189849932212
31816200000,-0.030820755288,0.386808872223,-0.372246682644,2.19528269768,-1.77949655056,0.00338131189346
31816200000,-0.0271509848535,0.387775570154,-0.351678043604,2.26402258873,-1.77949440479,0.000610316405073
31823200000,-0.0229923911393,0.391585171223,-0.329311907291,2.31141662598,-1.77948510647,0.00282241986133
31833000000,-0.0191032290459,0.38552454114,-0.306965976954,2.36208748817,-1.77947533131,0.00222237757407
31874000000,-0.0155200697482,0.370491266251,-0.283733665943,2.40409851074,-1.77946317196,0.0025515537709
31874000000,-0.0119037041441,0.354084551334,-0.260592728853,2.44888949394,-1.77944898605,0.00279152137227
31874000000,-0.00824923813343,0.336887449026,-0.235614284873,2.47287082672,-1.77943265438,0.00387004530057
31874000000,-0.00488929683343,0.31414487958,-0.211774677038,2.51198649406,-1.77941632271,0.00414711656049
31914400000,-0.00185125193093,0.286644637585,-0.186124294996,2.52821397781,-1.77939796448,0.00472778361291
31914400000,0.000744434597436,0.253671616316,-0.162736192346,2.57384800911,-1.77938270569,0.00310656195506
31914400000,0.00319345877506,0.220323085785,-0.137588799,2.59660816193,-1.77936422825,0.00293179205619
31914400000,0.00533369695768,0.184871226549,-0.111713796854,2.6095392704,-1.7793456316,0.00304125621915
31957000000,0.00717853661627,0.148506611586,-0.0856622382998,2.61833071709,-1.77932524681,0.00459257792681
31957000000,0.00844081025571,0.107583634555,-0.0594718791544,2.62293386459,-1.77930378914,0.00631865300238
31957000000,0.00937168020755,0.0666795894504,-0.033180590719,2.62349057198,-1.77928733826,0.00539861572906
31957200000,0.00984676554799,0.0240622647107,-0.00945800356567,2.65610074997,-1.77927470207,0.00213893176988
31999200000,0.010007917881,0.00106070411857,0.0169230625033,2.64965701103,-1.77925682068,0.00349166453816
31999200000,0.00999403372407,0.000425122183515,0.0432887896895,2.63936758041,-1.77924203873,0.0043893805705
31999200000,0.00989355146885,-0.01679344289,0.0690860003233,2.63327789307,-1.7792288065,0.00411159172654
31999200000,0.00965238269418,-0.0503748692572,0.0953272506595,2.61664390564,-1.77921593189,0.00454751914367
32042800000,0.0090244775638,-0.100308999419,0.119792990386,2.61326813698,-1.7792018652,0.00243380106986
32042800000,0.00778439082205,-0.155894726515,0.144740894437,2.60754704475,-1.77918994427,0.00227691582404
32042800000,0.00599620211869,-0.206559628248,0.170547753572,2.57946228981,-1.77917659283,0.00249312259257
32043000000,0.00361346988939,-0.252141177654,0.197130262852,2.53287649155,-1.7791634798,0.00424807192758
32084800000,0.00105755834375,-0.290150642395,0.220912918448,2.5191757679,-1.77915596962,0.00263154646382
32084800000,-0.00208786083385,-0.323574125767,0.246406301856,2.47318506241,-1.77914762497,0.00322916777804
32084800000,-0.00527800945565,-0.350567758083,0.268617719412,2.46579003334,-1.77914321423,0.00172173569445
32084800000,-0.00878203194588,-0.373599469662,0.293427824974,2.41520667076,-1.7791390419,0.000900269777048
32084800000,-0.0127043016255,-0.389369577169,0.317818969488,2.36056375504,-1.77913558483,0.00159565347712
32127000000,-0.0163712948561,-0.399910926819,0.338979572058,2.34333181381,-1.77913486958,-8.6130326963e-05
32127000000,-0.0205221883953,-0.405741661787,0.36251232028,2.28494024277,-1.7791339159,0.00104190886486
32127000000,-0.0244646854699,-0.405954301357,0.384203791618,2.24235439301,-1.77913558483,0.000385338411434
32127000000,-0.0284674521536,-0.400630444288,0.405865430832,2.19119787216,-1.7791377306,0.000216046610149
32133200000,-0.0325489677489,-0.389224439859,0.427868694067,2.12575721741,-1.77914071083,0.00061554700369
32143200000,-0.0363344326615,-0.372326016426,0.448469996452,2.07047247887,-1.7791454792,-4.58827998955e-05
32181600000,-0.0396501049399,-0.351885318756,0.466974258423,2.0380654335,-1.77915108204,-0.000193364699953
32181600000,-0.0432777777314,-0.321475505829,0.488065958023,1.95317578316,-1.77915608883,-0.000255040766206
32181600000,-0.0463127605617,-0.287076115608,0.506953001022,1.89305400848,-1.77916300297,-0.00010102919623
32221400000,-0.0490316040814,-0.246663495898,0.52524459362,1.83146154881,-1.77917027473,-0.000119194744912
32221400000,-0.0511916019022,-0.202450186014,0.542574524879,1.77397978306,-1.77917802334,-0.000292833108688
32221600000,-0.0529770329595,-0.151718959212,0.559991180897,1.70502948761,-1.77918601036,1.91313902178e-05
32221600000,-0.0542360618711,-0.0956966951489,0.576098144054,1.64543306828,-1.77919375896,-0.000246948591666
32267600000,-0.0549033619463,-0.0362388938665,0.591593503952,1.58455884457,-1.77920114994,-0.000170792118297
32267600000,-0.0550482086837,0.000925353786442,0.606771051884,1.51718354225,-1.77920782566,0.000170401661308
32267600000,-0.0549565181136,0.0205536298454,0.621584713459,1.44667005539,-1.77921187878,0.000296943908324
32267600000,-0.0545482262969,0.0787904113531,0.636005878448,1.37339222431,-1.77921688557,2.31973517657e-05
32267600000,-0.053340870887,0.170292302966,0.649214267731,1.3079764843,-1.77922177315,4.31064763688e-05
32309000000,-0.0514084175229,0.265030533075,0.660529434681,1.26149475574,-1.77922606468,-3.49903712049e-05
32309000000,-0.0481881797314,0.370199978352,0.672989547253,1.18869686127,-1.77922976017,0.000106139021227
32309000000,-0.0439681112766,0.473529785872,0.685417950153,1.10438251495,-1.77923285961,2.79874948319e-05
32309000000,-0.0388158224523,0.574890553951,0.6958309412,1.04490149021,-1.77923536301,2.17120614252e-05
32313200000,-0.0326637886465,0.675595283508,0.705644249916,0.985719263554,-1.77923727036,-0.000205935313716
32323200000,-0.02551798895,0.775741875172,0.715235471725,0.920480966568,-1.77923870087,-0.00023603560112
32363000000,-0.0171780698001,0.879475951195,0.723685264587,0.866218268871,-1.77923953533,5.56714112463e-05
32363000000,-0.00861239712685,0.972560942173,0.731424927711,0.815348267555,-1.77924025059,-0.000176921676029
32363000000,0.00165222154465,1.07087182999,0.739259064198,0.754535615444,-1.77924072742,0.000197811401449
32405000000,0.0126833347604,1.16773915291,0.746646225452,0.692678868771,-1.77924096584,-0.000176873450982
32405000000,0.0244146119803,1.26239430904,0.753188192844,0.638183772564,-1.77924108505,3.34034084517e-05
32405000000,0.0378606729209,1.35781824589,0.759317815304,0.582947254181,-1.77924108505,-0.000103220831079
32405000000,0.0520075038075,1.44958472252,0.765021204948,0.527415752411,-1.77924108505,-0.000167698904988
32405200000,0.0655429363251,1.53545856476,0.769520938396,0.489349931479,-1.77924108505,-0.000243396774749
32448200000,0.0814250782132,1.62184762955,0.773990035057,0.443958908319,-1.77924120426,0.000269528332865
32448200000,0.0985094979405,1.70447599888,0.77826166153,0.395275205374,-1.77924120426,0.000179771333933
32448200000,0.115019105375,1.78109896183,0.781713604927,0.357258349657,-1.77924120426,8.29396522022e-05
32448400000,0.13258497417,1.85337162018,0.785116493702,0.313249111176,-1.77924120426,-2.07132998185e-05
32453200000,0.152358800173,1.92203378677,0.788150966167,0.270344078541,-1.77924120426,-0.000135225098347
32462400000,0.170075654984,1.98305583,0.790445327759,0.239687040448,-1.77924120426,-0.000247627554927
32505600000,0.189921408892,2.03971719742,0.792611300945,0.205511808395,-1.77924132347,0.000225960146054
32505600000,0.210767880082,2.09723258018,0.794490695,0.172220349312,-1.77924132347,8.99165897863e-05
32505600000,0.231650561094,2.13466572762,0.795935928822,0.145629689097,-1.77924132347,-3.23948661389e-05
32505600000,0.252463787794,2.16940283775,0.797253012657,0.116426095366,-1.77924132347,-0.000160333802341
32551800000,0.276222765446,2.19602560997,0.798326551914,0.0879793167114,-1.77924144268,0.000223645212827
32551800000,0.299391627312,2.21262669563,0.799074709415,0.0652322396636,-1.77924144268,0.000164913319168
32551800000,0.318741738796,2.23453950882,0.79958230257,0.046747777611,-1.77924144268,4.03906560678e-05
32551800000,0.342197626829,2.23716068268,0.79994571209,0.0267687030137,-1.77924144268,-9.01833045646e-05
32595200000,0.363025724888,2.17239618301,0.800109684467,0.0126419514418,-1.77924144268,-0.00015443652228
32595200000,0.383477717638,2.22173810005,0.800155282021,3.06985857605e-05,-1.77924156189,0.000268548727036
32595200000,0.408125698566,2.21527266502,0.800155103207,0.000102267826151,-1.77924156189,-2.57830879491e-06
32595200000,0.429521620274,2.19238948822,0.800155043602,0.00013527124247,-1.77924156189,-0.000146623526234
32595200000,0.450186818838,2.15864515305,0.800152420998,-0.00256516528316,-1.77924156189,-0.000218284549192
32636600000,0.470886647701,2.11322712898,0.800061106682,-0.0154085317627,-1.77924156189,-0.000295585516142
32636600000,0.491930902004,2.05715060234,0.799826979637,-0.028226133436,-1.7792416811,0.000233143888181
32636600000,0.512381136417,1.99341928959,0.799494445324,-0.0376089774072,-1.7792416811,0.000175887675141
32636600000,0.5306199193,1.93055188656,0.799108862877,-0.0437157861888,-1.7792416811,0.000129812848172
32642800000,0.549710512161,1.85220360756,0.798631608486,-0.0489760711789,-1.7792416811,9.41160615184e-05
32652600000,0.566919088364,1.77256429195,0.798113524914,-0.0521653480828,-1.7792416811,6.96380666341e-05
32691000000,0.584681808949,1.67768871784,0.797593533993,-0.0535486154258,-1.7792416811,5.57918974664e-05
32691000000,0.601122975349,1.57743442059,0.7970443964,-0.0538549497724,-1.7792416811,5.35761464562e-05
32691000000,0.616820037365,1.46797311306,0.796489715576,-0.0529463663697,-1.7792416811,6.13734664512e-05
32736800000,0.63082665205,1.35760331154,0.795972883701,-0.0508097559214,-1.7792416811,7.60743569117e-05
32736800000,0.643216907978,1.24702084064,0.795491337776,-0.0478183403611,-1.7792416811,0.000100764613308
32736800000,0.655201911926,1.12292408943,0.795033276081,-0.0441083684564,-1.7792416811,0.000135517388117
32736800000,0.665315568447,1.00209116936,0.794623434544,-0.0397409796715,-1.7792416811,0.000173097214429
32736800000,0.674261748791,0.87681889534,0.794271588326,-0.0351042486727,-1.7792416811,0.000216861662921
32782400000,0.683179080486,0.72586864233,0.793916165829,-0.0295149479061,-1.7792416811,0.00027350577875
32782400000,0.689356327057,0.596341490746,0.793663740158,-0.0243721548468,-1.77924156189,-0.000273671292234
32782400000,0.694594144821,0.455754190683,0.793446063995,-0.0184956882149,-1.77924156189,-0.000213572202483
32782400000,0.698301196098,0.317845016718,0.793295562267,-0.0128054171801,-1.77924156189,-0.000150158128235
32782600000,0.700738787651,0.176492586732,0.793198466301,-0.00722533557564,-1.77924156189,-8.81399319042e-05
32792600000,0.701815843582,0.0284743048251,0.793157100677,-0.00123030331451,-1.77924156189,-1.13553815027e-05
32832400000,0.701704859734,-0.0460526645184,0.793156504631,3.48350840795e-05,-1.77924156189,1.41443551911e-05
32832400000,0.700741648674,-0.166595458984,0.793156504631,-0.000111848545203,-1.77924156189,-3.12045426654e-06
32832400000,0.698322296143,-0.324212640524,0.793156385422,3.89677989006e-05,-1.77924156189,-4.662977517e-05
32873800000,0.694618880749,-0.481372088194,0.793156266212,-8.16429164843e-05,-1.77924156189,-0.000143690020195
32873800000,0.688491523266,-0.649372041225,0.793156027794,7.20536672816e-06,-1.7792416811,0.000272204488283
32873800000,0.681646227837,-0.797402083874,0.793156802654,0.000965661427472,-1.7792416811,0.00011245362839
32873800000,0.672874689102,-0.945442438126,0.793211579323,0.0101001448929,-1.7792416811,0.000176366389496
32873800000,0.66288381815,-1.08139717579,0.793364107609,0.0190719533712,-1.7792416811,0.000229141820455
32915000000,0.651715099812,-1.22294294834,0.793567180634,0.0253073889762,-1.7792416811,0.000283409142867
32915000000,0.639567196369,-1.34497725964,0.793873667717,0.0319696553051,-1.77924156189,-0.000276072969427
32915000000,0.626004159451,-1.46409463882,0.794208645821,0.0362570658326,-1.77924156189,-0.00024725930416
32915000000,0.610641002655,-1.58629918098,0.794605910778,0.0404880791903,-1.77924156189,-0.000228860764764
32922400000,0.594535648823,-1.68301987648,0.795036911964,0.0430403798819,-1.77924156189,-0.00022616510978
32932400000,0.577404439449,-1.78822648525,0.795471012592,0.0446783974767,-1.77924156189,-0.000225637937547
32972000000,0.559661030769,-1.88229942322,0.795970857143,0.0471416190267,-1.77924156189,-0.000240961060626
32972200000,0.540266811848,-1.96958315372,0.796437084675,0.047424338758,-1.77924156189,-0.000269471987849
32972200000,0.51961606741,-2.04814195633,0.796947658062,0.0481997579336,-1.7792416811,0.000288503157208
33014800000,0.498601615429,-2.11721324921,0.797468423843,0.0487762391567,-1.7792416811,0.00022517736943
33014800000,0.47822406888,-2.17858481407,0.79791623354,0.0467063784599,-1.7792416811,0.000165595367434
33014800000,0.456437259912,-2.23098015785,0.79839360714,0.0454180091619,-1.7792416811,9.84067592071e-05
33014800000,0.434628993273,-2.27477145195,0.798875153065,0.0444545634091,-1.7792416811,3.37489268531e-06
33014800000,0.411464840174,-2.31582593918,0.799299716949,0.0419915802777,-1.77924156189,7.0602640335e-05
33055800000,0.388541281223,-2.32809495926,0.79973834753,0.0395272597671,-1.77924156189,-5.61569358979e-05
33055800000,0.366357266903,-2.35037994385,0.800114572048,0.0360020622611,-1.77924156189,3.9165475755e-05
33055800000,0.340734452009,-2.353484869,0.800523936749,0.034913867712,-1.77924156189,4.49059507446e-06
33055800000,0.319781154394,-2.35857844353,0.800842225552,0.0306096337736,-1.77924156189,-2.87150342047e-05
33062800000,0.295588821173,-2.34569764137,0.801169097424,0.0281232688576,-1.77924156189,-0.000166213285411
33072800000,0.272954672575,-2.32718205452,0.801441252232,0.0240307655185,-1.7792416811,0.000261816021521
33114000000,0.24963003397,-2.29684138298,0.801708340645,0.0219606161118,-1.7792416811,0.000143483266584
33114000000,0.22619484365,-2.25508546829,0.801917314529,0.0182296223938,-1.7792416811,3.70151951756e-06
33114000000,0.204533323646,-2.21109509468,0.80209004879,0.0139717580751,-1.7792416811,-0.000130952932523
33114000000,0.183779671788,-2.16082549095,0.802234888077,0.010455374606,-1.7792416811,-0.000263276218902
33154600000,0.161876857281,-2.09424853325,0.802346289158,0.00732313515618,-1.77924180031,0.000197879067855
33154600000,0.141086131334,-2.02158784866,0.802420854568,0.00397999351844,-1.77924180031,7.2757662565e-05
33154600000,0.122610159218,-1.95160591602,0.802464485168,0.000894939061254,-1.77924180031,-7.88192046457e-05
33154600000,0.103344172239,-1.8649712801,0.802488088608,4.43893259217e-05,-1.77924180031,-0.000259417225607
33196600000,0.0863969027996,-1.78080272675,0.802496612072,-2.19923695113e-05,-1.77924191952,0.000152275883011
33196600000,0.0682457461953,-1.6770734787,0.802497029305,-0.000141871743836,-1.77924191952,-6.47273263894e-05
33196600000,0.0521442405879,-1.57458043098,0.802496910095,0.000103855541965,-1.77924191952,-0.000259814347373
33196800000,0.0376905873418,-1.46864914894,0.802496850491,-8.02620561444e-05,-1.77924203873,0.000178929170943
33239200000,0.022871280089,-1.35167241096,0.802496731281,9.94169749902e-05,-1.77924203873,4.53079483123e-05
33239200000,0.0107873557135,-1.24378097057,0.802496731281,-5.65822483622e-05,-1.77924203873,-4.07349216403e-05
33239200000,-0.00116874917876,-1.1212567091,0.802496731281,-0.000103289065009,-1.77924203873,-9.63837446761e-05
33239400000,-0.0116749824956,-0.997956871986,0.802496731281,1.74869546754e-05,-1.77924203873,-0.000115232192911
33285600000,-0.0212969910353,-0.866810500622,0.802496790886,-8.67595417731e-07,-1.77924203873,-9.68678577919e-05
33285600000,-0.0295560359955,-0.733199238777,0.802485644817,-0.00239579472691,-1.77924203873,-0.000110769098683
33285600000,-0.0357187837362,-0.615505933762,0.80245167017,-0.00682307267562,-1.77924203873,-0.00015844515292
33285600000,-0.0415769778192,-0.475600212812,0.802360475063,-0.0106936981902,-1.77924203873,-0.00020888808649
33285600000,-0.0454732589424,-0.355742543936,0.802247226238,-0.013347289525,-1.77924203873,-0.000247209391091
33327400000,-0.0482291094959,-0.230685085058,0.802113771439,-0.0155092356727,-1.77924203873,-0.000287504954031
33327400000,-0.0499949194491,-0.0890485271811,0.801946222782,-0.016953645274,-1.77924215794,0.000268852105364
33327400000,-0.0503314360976,0.00155959022231,0.801766395569,-0.0214674230665,-1.77924215794,-2.98968298011e-05
33327400000,-0.0501039065421,0.0659770071507,0.801569461823,-0.0188746005297,-1.77924227715,0.000204521144042
33333200000,-0.048891492188,0.186739444733,0.801385760307,-0.0165776330978,-1.77924227715,0.00018857482064
33343000000,-0.0464921072125,0.317196935415,0.801226377487,-0.0152529086918,-1.77924227715,0.000146813501487
33383200000,-0.0427960455418,0.451292216778,0.801069438457,-0.0146360006183,-1.77924227715,9.90497937892e-05
33383200000,-0.0375825278461,0.584425568581,0.800920307636,-0.0141506930813,-1.77924227715,5.25913164893e-05
33383200000,-0.0316643081605,0.696642458439,0.800788581371,-0.0122838802636,-1.77924227715,1.42647149914e-05
33383200000,-0.0236080698669,0.814303338528,0.800659477711,-0.0109541602433,-1.77924227715,-2.55359700532e-05
33425800000,-0.0155990151688,0.914457798004,0.800550043583,-0.00910519715399,-1.77924227715,-6.45119871479e-05
33425800000,-0.0056990608573,1.01374638081,0.800452530384,-0.00752365961671,-1.77924227715,-0.000103813297756
33425800000,0.00409352546558,1.09992957115,0.800380945206,-0.00481316121295,-1.77924227715,-0.000144275152707
33425800000,0.0160572603345,1.18492007256,0.800323963165,-0.0028993410524,-1.77924227715,-0.000186953373486
33472000000,0.028133938089,1.25938928127,0.800285220146,-0.00184285617433,-1.77924227715,-0.000213263789192
33472000000,0.0414419323206,1.3266415596,0.800260782242,-0.000751187035348,-1.77924227715,-0.0002184624027
33472000000,0.0548699498177,1.38580608368,0.800246357918,9.91230845102e-05,-1.77924227715,-0.000220411937335
33472000000,0.0691350623965,1.43691468239,0.800239741802,0.000150424122694,-1.77924227715,-0.000223290437134
33514800000,0.0818184763193,1.48165380955,0.800238311291,6.38932324364e-05,-1.77924227715,-0.000228584729484
33514800000,0.0972411707044,1.51888620853,0.800238311291,0.00010058774933,-1.77924227715,-0.000256036088103
33514800000,0.111470200121,1.54805517197,0.800238311291,3.76141433662e-05,-1.77924239635,0.000289503310341
33514800000,0.127809405327,1.56955349445,0.800238251686,0.000122896031826,-1.77924239635,0.000211640246562
33514800000,0.144029170275,1.58198332787,0.800238192081,9.7725118394e-05,-1.77924239635,0.000104929938971
33561400000,0.159084796906,1.58972036839,0.800238132477,-4.24883546657e-05,-1.77924239635,-2.34150575125e-05
33561400000,0.174800142646,1.58852899075,0.800238013268,-2.70153541351e-05,-1.77924239635,-0.000177781024831
33561400000,0.190153136849,1.58084738255,0.800237834454,-0.000151107276906,-1.77924251556,0.000221488138777
33561400000,0.206331938505,1.56306517124,0.800238788128,-1.62689575518e-05,-1.77924251556,2.13378007174e-05
33563000000,0.221655026078,1.53595793247,0.800245881081,-7.32437329134e-05,-1.77924251556,-0.000148878330947
33572400000,0.235830530524,1.51375186443,0.800265073776,0.00295351515524,-1.77924263477,0.000271572294878
33613800000,0.251515299082,1.47510612011,0.800301969051,0.00471253506839,-1.77924263477,0.000124193626107
33613800000,0.265623241663,1.43440663815,0.800350189209,0.00818574521691,-1.77924263477,4.56107372884e-05
33613800000,0.279577404261,1.38568615913,0.800428152084,0.0101809268817,-1.77924263477,-4.15358545069e-06
33613800000,0.293818205595,1.32561564445,0.800528466702,0.0113056981936,-1.77924263477,-5.32808880962e-05
33656600000,0.3066624403,1.26558184624,0.800640404224,0.0121336476877,-1.77924263477,-0.00010026361997
33656600000,0.318166822195,1.20633649826,0.800747215748,0.0132116843015,-1.77924263477,-0.000143363751704
33656600000,0.329312801361,1.14022481441,0.800863862038,0.0134249283001,-1.77924263477,-0.000186539356946
33656600000,0.341084331274,1.05911505222,0.800991714001,0.0122832888737,-1.77924263477,-0.000226260817726
33698000000,0.351198762655,0.981478273869,0.801104068756,0.0115175545216,-1.77924263477,-0.000262561283307
33698000000,0.360167682171,0.904250919819,0.801204562187,0.0107970470563,-1.77924263477,-0.00029553330387
33698000000,0.368876218796,0.818199753761,0.801299452782,0.00965459179133,-1.77924275398,0.000269030046184
33698000000,0.376413285732,0.733274638653,0.801382124424,0.0081148436293,-1.77924275398,0.00023940311803
33743800000,0.383230656385,0.642446219921,0.801450610161,0.00670003844425,-1.77924275398,0.000214085623156
33743800000,0.38927090168,0.550883054733,0.801506340504,0.00485729658976,-1.77924275398,0.000188149657333
33743800000,0.394473195076,0.45606470108,0.801545858383,0.00303259328939,-1.77924275398,0.000165513309184
33743800000,0.39854580164,0.363313257694,0.8015666008,0.00131237506866,-1.77924275398,0.000147875078255
33743800000,0.401479065418,0.277064979076,0.801572322845,-0.000100782490335,-1.77924275398,4.40296862507e-05
33786000000,0.403815358877,0.181655704975,0.801572203636,3.37308447342e-05,-1.77924275398,-0.000225724797929
33786000000,0.405205845833,0.084893964231,0.801571965218,6.30353588349e-06,-1.77924287319,0.000105081642687
33786000000,0.405611366034,0.00067596824374,0.801571786404,-4.66908659291e-06,-1.77924287319,-9.16107092053e-05
33786000000,0.405561596155,-0.0164186079055,0.801571786404,7.96840686235e-05,-1.7792429924,0.000118638025015
33792400000,0.405153363943,-0.0841625481844,0.80157160759,8.30271310406e-05,-1.7792429924,-9.87634775811e-05
33803000000,0.403797209263,-0.186830684543,0.801571428776,6.20143400738e-05,-1.77924311161,0.000272799428785
33843000000,0.401627600193,-0.285775661469,0.801571309566,-0.000104069426015,-1.77924311161,0.00011828901188
33843000000,0.398251533508,-0.387921988964,0.801571130753,3.27273482981e-05,-1.77924311161,-4.31815496995e-05
33843000000,0.393968880177,-0.482151389122,0.801571011543,3.23151252815e-05,-1.77924311161,-0.000187435711268
33884600000,0.388440966606,-0.573229134083,0.801570951939,-4.51835949207e-05,-1.77924323082,0.00027861451963
33884600000,0.382630199194,-0.652823209763,0.801570892334,-8.6535786977e-05,-1.77924323082,0.000175637993379
33884600000,0.376102209091,-0.726722419262,0.801570832729,-3.3518881537e-05,-1.77924323082,9.16659919312e-05
33884600000,0.368427336216,-0.79817712307,0.801570773125,0.000100721241324,-1.77924323082,1.38238383443e-05
33884600000,0.359880656004,-0.864495337009,0.801570773125,3.12807896989e-05,-1.77924323082,-4.75835659017e-05
33927000000,0.351775109768,-0.921971559525,0.801570117474,4.51681189588e-05,-1.77924323082,-8.19293782115e-05
33927000000,0.341820091009,-0.978601038456,0.801567077637,1.13408841571e-05,-1.77924323082,-0.000115957707749
33927000000,0.331696331501,-1.02841091156,0.801563978195,4.66194542241e-05,-1.77924323082,-0.000145770420204
33927000000,0.32148617506,-1.07618010044,0.801554262638,0.000111156376079,-1.77924323082,-0.000175652879989
33933200000,0.310891449451,-1.11249637604,0.801543474197,-3.15319011861e-05,-1.77924323082,-0.000211421473068
33943200000,0.29927316308,-1.14591383934,0.801532268524,-0.000119723954413,-1.77924323082,-0.000242588270339
33984600000,0.288963347673,-1.17525827885,0.801522254944,-0.000449763407232,-1.77924323082,-0.000266751361778
33984600000,0.276755839586,-1.20044779778,0.801514804363,-2.83284607576e-05,-1.77924335003,0.000284926733002
33984600000,0.264796972275,-1.22036039829,0.80151039362,2.92119784717e-05,-1.77924335003,0.0002644508495
33984600000,0.252140343189,-1.2380515337,0.801508307457,1.19238820844e-05,-1.77924335003,0.000233400292927
34030600000,0.239368289709,-1.24307608604,0.801508128643,0.000118819647469,-1.77924335003,0.000188386286027
34030600000,0.22806251049,-1.24599075317,0.801508128643,0.000144652585732,-1.77924335003,0.000135694557684
34030600000,0.215225413442,-1.2486770153,0.801508128643,8.73855024111e-05,-1.77924335003,6.1784274294e-05
34030600000,0.202636569738,-1.24470031261,0.801508128643,-6.32150477031e-05,-1.77924335003,-2.86505492113e-05
34073000000,0.190107688308,-1.2352335453,0.801508069038,-3.88353464587e-06,-1.77924335003,-0.000138383024023
34073000000,0.179156675935,-1.22685825825,0.801508009434,-2.76598875644e-05,-1.77924335003,-0.000249611504842
34073000000,0.166629046202,-1.20859146118,0.801507890224,0.000102027050161,-1.77924346924,0.000195178916329
34073000000,0.154776349664,-1.18790316582,0.801507771015,9.35230636969e-05,-1.77924346924,2.15028576349e-05
34073000000,0.142913386226,-1.16244983673,0.801507651806,1.20310494367e-06,-1.77924346924,-0.000157625661814
34116000000,0.131319105625,-1.13337945938,0.801507472992,7.05449710949e-05,-1.77924358845,0.000221860580496
34116000000,0.120910167694,-1.10569405556,0.801507294178,6.9939691457e-05,-1.77924358845,1.52867723955e-05
34116000000,0.109713375568,-1.06946921349,0.801507592201,0.000246827403316,-1.77924358845,-0.000209431658732
34116000000,0.0999282971025,-1.03597509861,0.801516056061,0.00107141793706,-1.77924358845,-0.000279881729512
34122600000,0.0896772667766,-0.995733499527,0.801546394825,0.00315273366868,-1.77924370766,0.000266474846285
34132400000,0.0800304785371,-0.954417765141,0.801587402821,0.00369727588259,-1.77924370766,0.000220864865696
34174200000,0.0706195682287,-0.909918129444,0.80163526535,0.0036383732222,-1.77924370766,0.000177992682438
34174200000,0.0620085857809,-0.866080462933,0.801675319672,0.00266143144108,-1.77924370766,0.000140043659485
34174200000,0.0536680407822,-0.819554507732,0.801698446274,0.00049961876357,-1.77924370766,9.86696468317e-05
34174200000,0.0453333631158,-0.767826020718,0.801707267761,8.81019004737e-05,-1.77924370766,-2.03468025575e-05
34218400000,0.0383985415101,-0.722687065601,0.801707148552,8.26644682093e-05,-1.77924370766,-0.000196052817046
34218400000,0.0309528522193,-0.66825568676,0.801707029343,-8.65678812261e-05,-1.77924382687,0.000223559851293
34218400000,0.0249446835369,-0.622240841389,0.801706910133,3.82572807212e-06,-1.77924382687,0.000112836554763
34218400000,0.0189145598561,-0.571077883244,0.801706850529,6.14506643615e-05,-1.77924382687,6.76346171531e-05
34264600000,0.0135024897754,-0.521194338799,0.801706910133,-4.14598216594e-05,-1.77924382687,8.51362055982e-05
34264600000,0.00838865991682,-0.470273375511,0.801650941372,-0.0118464305997,-1.77924382687,0.000108459971671
34264600000,0.00430282251909,-0.426232337952,0.801482260227,-0.0268397219479,-1.77924382687,0.000106357576442
34264600000,0.000245783041464,-0.376680403948,0.801166713238,-0.0418280512094,-1.77924382687,0.000106717299786
34264600000,-0.00318473996595,-0.330079972744,0.800687909126,-0.0567484423518,-1.77924382687,0.000110328714072
34307200000,-0.00639273691922,-0.280498296022,0.800071537495,-0.0715309903026,-1.77924382687,0.000117635085189
34307200000,-0.00895121786743,-0.235460907221,0.799255907536,-0.0862352326512,-1.77924382687,0.000128488245537
34307200000,-0.010956376791,-0.194856196642,0.798414230347,-0.102415040135,-1.77924382687,0.000141846714541
34307200000,-0.0126787060872,-0.152781873941,0.797326266766,-0.118184104562,-1.77924382687,0.000158448092407
34312800000,-0.013993521221,-0.112568534911,0.796127259731,-0.13479155302,-1.77924382687,0.000177930487553
34322400000,-0.0149046601728,-0.0750784426928,0.794771671295,-0.152091965079,-1.77924382687,0.00019972564769
34363000000,-0.0154974143952,-0.0357445627451,0.793052554131,-0.168010920286,-1.77924382687,0.000226285439567
34363000000,-0.0156800430268,-0.00346443848684,0.791422128677,-0.18714645505,-1.77924382687,0.000258060463239
34363000000,-0.0156772341579,0.000672635040246,0.789544224739,-0.207331627607,-1.77924382687,9.50836256379e-05
34363000000,-0.015668399632,0.00122672086582,0.787398099899,-0.225900873542,-1.77924394608,0.0001802740735
34406000000,-0.0156530179083,0.00205028895289,0.785156190395,-0.245610415936,-1.77924406528,-1.93057348952e-05
34406000000,-0.0155861517414,0.0179337579757,0.782678186893,-0.258079379797,-1.77924382687,-0.000268610194325
34406000000,-0.015212806873,0.0589308664203,0.780057966709,-0.285867631435,-1.77924382687,-0.000181679584784
34406000000,-0.014476149343,0.0958398804069,0.777109384537,-0.30619981885,-1.77924382687,-0.000130022657686
34447200000,-0.0133594404906,0.1287715137,0.774013459682,-0.32705232501,-1.77924382687,-8.93207761692e-05
34447200000,-0.0119123579934,0.156600177288,0.770779550076,-0.349164843559,-1.77924382687,-4.90342317789e-05
34447200000,-0.010318223387,0.177751138806,0.76741951704,-0.371915429831,-1.77924382687,-1.09765851448e-05
34447200000,-0.0085013024509,0.195166260004,0.763630747795,-0.393002748489,-1.77924382687,2.71850622084e-05
34490200000,-0.0064475974068,0.209630250931,0.759539604187,-0.412831068039,-1.77924382687,6.49818248348e-05
34490200000,-0.00426429649815,0.220447823405,0.755587518215,-0.435585647821,-1.77924370766,-0.000286285270704
34490200000,-0.00180625263602,0.229109704494,0.75096487999,-0.455084085464,-1.77924346924,-0.000110058179416
34490200000,0.000258916581515,0.233339339495,0.746582746506,-0.47852024436,-1.77924311161,5.51357989025e-05
34532400000,0.00263991462998,0.236248150468,0.741812467575,-0.499378055334,-1.77924251556,4.0504943172e-05
34532400000,0.00489628361538,0.236577495933,0.736735701561,-0.518746435642,-1.77924156189,-0.000215463456698
34532400000,0.00729179847986,0.235418558121,0.731774568558,-0.541270256042,-1.77924025059,-0.000222630013013
34532400000,0.00975862238556,0.232563748956,0.726076185703,-0.55685710907,-1.77923858166,-0.000211516424315
34575400000,0.0118181221187,0.227677837014,0.721089363098,-0.58225774765,-1.77923667431,-0.000159869217896
34575400000,0.0141475945711,0.22185190022,0.715120017529,-0.598523199558,-1.77923452854,0.000240240682615
34575400000,0.0163209997118,0.214627847075,0.709205746651,-0.616401076317,-1.77923226357,0.000120257987874
34575400000,0.0184177644551,0.206304356456,0.702869832516,-0.630140900612,-1.77922964096,0.00015026453184
34575400000,0.0203474070877,0.196369081736,0.696903586388,-0.648249685764,-1.77922677994,5.33343954885e-05
34618000000,0.0223734471947,0.186753019691,0.690106928349,-0.659998178482,-1.7792236805,-2.14217725443e-05
34618000000,0.0241114851087,0.176206514239,0.68395781517,-0.678806006908,-1.77922046185,-8.44254827825e-06
34618000000,0.0258820038289,0.16486787796,0.676867961884,-0.686419725418,-1.77921688557,-0.000121648758068
34618000000,0.0274370405823,0.153102993965,0.670341968536,-0.701991379261,-1.77921330929,0.000157288566697
34622400000,0.0288784280419,0.141009256244,0.663859426975,-0.717127203941,-1.77920973301,8.7500695372e-05
34632800000,0.0303065665066,0.128585979342,0.656278848648,-0.719989061356,-1.77920591831,-0.000253434845945
34674800000,0.0315045751631,0.115860126913,0.649211764336,-0.727213680744,-1.77920198441,-0.000245189585257
34674800000,0.0326234325767,0.103713937104,0.641892135143,-0.733440876007,-1.7791980505,-0.000286554684862
34674800000,0.0335627794266,0.0916739851236,0.634950757027,-0.742788255215,-1.7791942358,0.000288199313218
34674800000,0.0343763045967,0.079798206687,0.628117918968,-0.751919925213,-1.7791903019,-5.21461552125e-05
34716800000,0.0351412817836,0.0681200399995,0.620653867722,-0.753128290176,-1.77918672562,2.55120394286e-05
34716800000,0.035775564611,0.0567169636488,0.613318562508,-0.754482030869,-1.77918314934,-0.000203585150302
34716800000,0.0363082364202,0.0458046384156,0.605825185776,-0.752618670464,-1.77917981148,-8.83198808879e-05
34716800000,0.0367241054773,0.0354776270688,0.598488092422,-0.751415550709,-1.77917659283,-0.000141385447932
34757800000,0.0370401926339,0.0257453452796,0.591170310974,-0.748644113541,-1.77917361259,-0.000103829224827
34757800000,0.0372575744987,0.0167255122215,0.584005832672,-0.747406303883,-1.77917087078,3.69057015632e-05
34757800000,0.037411224097,0.0086593804881,0.575455904007,-0.720305562019,-1.7791684866,0.000201855931664
34757800000,0.0374864116311,0.00257642706856,0.569454133511,-0.682976782322,-1.77916586399,2.84023440145e-06
34799800000,0.0375040881336,0.00183134060353,0.562498271465,-0.729961395264,-1.77916407585,-0.000165131627
34799800000,0.0375192947686,0.0017033375334,0.555672228336,-0.723517775536,-1.77916324139,0.000208033932722
34799800000,0.0375367477536,0.00159311061725,0.548382937908,-0.707477092743,-1.77916252613,-0.000216865621042
34799800000,0.0375500619411,0.00145058159251,0.542060017586,-0.701780974865,-1.77916204929,0.000184504126082
34842400000,0.0375641435385,0.00132920162287,0.535160541534,-0.686686098576,-1.77916145325,-0.000261707958998
34842400000,0.0375760309398,0.00120404048357,0.528402745724,-0.670522272587,-1.77916121483,-8.83169268491e-05
34842400000,0.03758617118,0.00105711689685,0.521794497967,-0.653688788414,-1.77916121483,0.000227616721531
34842400000,0.0375958643854,0.000932162045501,0.51534318924,-0.636097729206,-1.77916109562,-0.000169041595655
34884600000,0.0376032367349,0.000787383178249,0.509551763535,-0.624805212021,-1.77916121483,0.000105818391603
34884600000,0.0376105457544,0.000679779914208,0.503179073334,-0.602552592754,-1.77916121483,-0.000262069370365
34884600000,0.0376163944602,0.000575717887841,0.497231066227,-0.583335042,-1.77916133404,5.91342222833e-06
34884600000,0.037621255964,0.000475564476801,0.491822063923,-0.568212151527,-1.77916133404,-0.000254172598943
34884800000,0.0376249849796,0.000399211392505,0.486226350069,-0.549242913723,-1.77916145325,0.000132350774948
34930600000,0.0376281812787,0.000328269525198,0.481348931789,-0.536496818066,-1.77916145325,-2.0182778826e-05
34930600000,0.0376311279833,0.000298713537632,0.475906074047,-0.513274908066,-1.77916145325,-0.00016136126942
34930600000,0.0376334413886,0.000269628479145,0.471165776253,-0.497123539448,-1.77916145325,-0.000260106928181
34930600000,0.0376356802881,0.000254823826253,0.466120779514,-0.473991364241,-1.77916157246,0.000226767340791
34932800000,0.0376379601657,0.000263725785771,0.461647599936,-0.456500500441,-1.77916157246,0.000124459576909
34943000000,0.0376406498253,0.000309206836391,0.457176119089,-0.436576485634,-1.77916157246,-7.71103998431e-07
34983400000,0.0376435890794,0.000354776333552,0.452976673841,-0.418238937855,-1.77916157246,-0.000148572740727
34983400000,0.0376473776996,0.000424756435677,0.448954880238,-0.400345593691,-1.77916169167,0.000247201503953
34983400000,0.037651322782,0.000505861651618,0.445491105318,-0.388224929571,-1.77916169167,5.03205592395e-05
34983400000,0.0376569107175,0.000609740440268,0.441646575928,-0.369249403477,-1.77916169167,-0.000256370956777
35029000000,0.037663590163,0.000738751783501,0.437978744507,-0.350933074951,-1.77916181087,-4.45821897301e-05
35029000000,0.0376716405153,0.00087449408602,0.43441388011,-0.332227557898,-1.77916193008,9.79234755505e-05
35029000000,0.0376816354692,0.00103311054409,0.4313326478,-0.319788694382,-1.77916204929,0.000112296002044
35029200000,0.0376922376454,0.00119508767966,0.428197056055,-0.305095434189,-1.7791621685,8.39561762405e-05
35073200000,0.0377044416964,0.00137675215956,0.425372213125,-0.294214606285,-1.77916228771,-2.80807871604e-05
35073200000,0.0377195887268,0.00156552833505,0.422546058893,-0.282400935888,-1.77916252613,0.000216990985791
35073200000,0.0377357453108,0.00175142847002,0.419884473085,-0.272569000721,-1.77916264534,-0.000132029585075
35073200000,0.0377544723451,0.00192898593377,0.417213648558,-0.26232740283,-1.77916288376,-7.68540703575e-05
35073200000,0.0377779453993,0.00423024548218,0.41478651762,-0.255393952131,-1.77916288376,-0.000108993343019
35114400000,0.0378623977304,0.0129293641075,0.412134259939,-0.245393589139,-1.77916288376,0.000253708742093
35114400000,0.0380291752517,0.0225052777678,0.409795284271,-0.240476235747,-1.77916276455,-0.000226441421546
35114400000,0.0383220389485,0.032018981874,0.407410562038,-0.235317692161,-1.77916276455,-0.00014325111988
35114600000,0.0386443249881,0.0386298857629,0.405064553022,-0.23155850172,-1.77916276455,-7.79355905252e-05
35122600000,0.0390546098351,0.0440336167812,0.403019934893,-0.23304747045,-1.77916276455,-2.47380357905e-05
35132800000,0.0394860729575,0.0433224439621,0.400858938694,-0.204626783729,-1.77916276455,4.24465433753e-05
35172000000,0.0399471148849,0.0493302382529,0.398520559072,-0.235567197204,-1.77916276455,9.16152057471e-05
35172000000,0.0404841527343,0.0523366630077,0.396154791117,-0.236745938659,-1.77916276455,0.000147984916111
35172000000,0.0410082042217,0.053142119199,0.393814116716,-0.239681273699,-1.77916276455,0.00020123476861
35214000000,0.041523732245,0.0528408810496,0.391486525536,-0.244717791677,-1.77916276455,0.000253616948612
35214000000,0.0420533195138,0.0517421998084,0.389061719179,-0.250546634197,-1.77916264534,-0.000287142378511
35214000000,0.0425287373364,0.0502114295959,0.386780947447,-0.259948432446,-1.77916264534,-0.00023885522387
35214000000,0.0430456250906,0.0479694791138,0.3839584589,-0.265359193087,-1.77916264534,-0.000177497175173
35214000000,0.0435275770724,0.0453365631402,0.381196767092,-0.273366302252,-1.77916264534,-0.000120957425679
35257000000,0.0439124405384,0.0427894257009,0.378783404827,-0.288270503283,-1.77916264534,-6.87439096509e-05
35257000000,0.0443379245698,0.0395077429712,0.375751793385,-0.298155128956,-1.77916264534,-3.13345753966e-06
35257000000,0.0447214394808,0.0360796451569,0.372772276402,-0.311005800962,-1.77916264534,6.45103064016e-05
35257000000,0.045042693615,0.0326186567545,0.369793266058,-0.326137930155,-1.77916264534,0.000128697836772
35262400000,0.0453481860459,0.028731610626,0.36655241251,-0.340656369925,-1.77916264534,0.000203579795198
35272400000,0.045619700104,0.024675803259,0.36316627264,-0.356037795544,-1.77916264534,0.000286312628305
35314000000,0.0458456687629,0.0206161923707,0.35962793231,-0.372045040131,-1.77916252613,-0.000211519232835
35314000000,0.0460278391838,0.0165733825415,0.356009066105,-0.389267891645,-1.77916252613,-9.70083565335e-05
35314000000,0.0461757183075,0.0123645607382,0.352152705193,-0.406365603209,-1.77916252613,0.000115933289635
35314000000,0.046282671392,0.00812352169305,0.347960352898,-0.422006189823,-1.77916240692,-9.87836901913e-05
35359800000,0.0463434793055,0.00415263557807,0.343759298325,-0.439534336329,-1.7791621685,6.56031406834e-05
35359800000,0.0463698282838,0.00196166103706,0.339568525553,-0.459217429161,-1.77916169167,-2.84078614641e-05
35359800000,0.0463900081813,0.00189435412176,0.334743320942,-0.473987877369,-1.77916145325,0.000175335575477
35359800000,0.0464086085558,0.00181797938421,0.329920142889,-0.490464687347,-1.7791608572,-9.85009610304e-05
35399400000,0.0464256070554,0.00172740384005,0.325119644403,-0.50935292244,-1.77916014194,-0.000242447073106
35399400000,0.0464423261583,0.00162848224863,0.319944709539,-0.525281488895,-1.77915930748,-0.000299088656902
35399400000,0.0464573539793,0.00151836697478,0.31481090188,-0.543724834919,-1.77915811539,0.000181616895134
35399600000,0.0464718677104,0.0013970953878,0.309295624495,-0.558776915073,-1.77915668488,4.56876296084e-05
35445400000,0.0464846454561,0.00128197250888,0.303843230009,-0.576320409775,-1.77915501595,-8.73895405675e-05
35445400000,0.0464960411191,0.00115690543316,0.298480004072,-0.595803618431,-1.77915346622,0.000176112152985
35445400000,0.0465067215264,0.00103638018481,0.292499929667,-0.609423756599,-1.77915143967,-0.000267116440227
35445400000,0.0465158075094,0.00090453971643,0.28674659133,-0.625993788242,-1.77914953232,-0.000128400904941
35445400000,0.0465240962803,0.000780783477239,0.280615895987,-0.639170885086,-1.77914762497,-9.5919938758e-05
35487200000,0.046531714499,0.000667706481181,0.273842394352,-0.645712137222,-1.7791454792,-0.000221234047785
35487200000,0.0465373285115,0.000552216952201,0.267724961042,-0.660047888756,-1.77914333344,9.85509032034e-05
35487200000,0.0465420037508,0.000438913644757,0.26137816906,-0.67167365551,-1.77914094925,0.000110026609036
35487200000,0.0465460084379,0.000332363095367,0.254291981459,-0.67329287529,-1.77913856506,9.2715046776e-05
35493000000,0.0465486161411,0.000241239788011,0.247762024403,-0.684171557426,-1.77913618088,8.79173603607e-05
35503200000,0.0465505309403,0.000156611873535,0.241024821997,-0.690634012222,-1.7791339159,-0.000189642029
35549200000,0.0465514399111,7.42711345083e-05,0.234091207385,-0.693929255009,-1.77913165092,2.80393596768e-05
35549200000,0.046551682055,4.56713723906e-06,0.227782249451,-0.706116914749,-1.77912950516,-0.000239350090851
35549200000,0.0465513877571,-4.39007308159e-05,0.220631286502,-0.70381051302,-1.77912735939,-0.000201590548386
35549200000,0.046550527215,-0.00015317616635,0.213461920619,-0.701395511627,-1.77912533283,-3.09394054057e-05
35591400000,0.0465463884175,-0.000634076131973,0.206564083695,-0.701580107212,-1.7791236639,0.000123869496747
35591400000,0.0465375930071,-0.000694516347721,0.200091689825,-0.706103265285,-1.7791223526,0.000225534226047
35591400000,0.0465239584446,-0.000983911915682,0.193074449897,-0.701796233654,-1.77912116051,-0.000210630867514
35591400000,0.0464976802468,-0.000866241636686,0.186321780086,-0.665777027607,-1.77911996841,-3.48981884599e-05
35634000000,0.0464920587838,-0.000383274105843,0.179925397038,-0.702689290047,-1.77911865711,0.000144046585774
35634000000,0.0464856550097,-0.000111995155748,0.172822892666,-0.691499769688,-1.77911806107,0.00022300609271
35634000000,0.0464831180871,-4.23172095907e-05,0.166218608618,-0.684470951557,-1.77911746502,-0.000228448625421
35634000000,0.0464829914272,1.43374127219e-05,0.159702539444,-0.676365613937,-1.77911674976,-0.000270779826678
35634000000,0.0464834906161,8.11712525319e-05,0.153149664402,-0.665638387203,-1.77911627293,-2.22366397793e-05
35679600000,0.0464847013354,0.000149985295138,0.146574765444,-0.652320146561,-1.77911603451,0.000146189064253
35679600000,0.0464868955314,0.000228706834605,0.139994829893,-0.636156260967,-1.7791159153,6.45127875032e-05
35679800000,0.0464897453785,0.000325917848386,0.133799418807,-0.623025774956,-1.7791159153,0.000150288353325
35679800000,0.0464938357472,0.000426434940891,0.127858415246,-0.61097073555,-1.7791159153,-6.77733769407e-05
35683200000,0.0464987494051,0.000537547690328,0.121695533395,-0.592638909817,-1.77911603451,0.00022913509747
35693400000,0.0465051233768,0.00064474780811,0.116152793169,-0.581087768078,-1.77911603451,-0.000137668204843
35733400000,0.046512003988,0.000768240948673,0.11075091362,-0.568538546562,-1.77911615372,5.0678212574e-05
35733400000,0.0465206615627,0.000893291842658,0.105053551495,-0.549086809158,-1.77911627293,0.000130771935801
35733400000,0.046530213207,0.00101164367516,0.0996372029185,-0.530828773975,-1.77911639214,0.000129634587211
35733400000,0.046540979296,0.00114499649499,0.0945969521999,-0.515568375587,-1.77911651134,0.000100526915048
35780200000,0.046552464366,0.00128425704315,0.0898165851831,-0.501387655735,-1.77911663055,1.13262694867e-06
35780200000,0.0465661995113,0.00140974950045,0.0849978998303,-0.484116256237,-1.77911674976,-0.00023666411289
35780200000,0.0465812385082,0.00152408517897,0.0803476497531,-0.466843038797,-1.77911698818,5.66948911001e-05
35780200000,0.0465983860195,0.00164294010028,0.0755976215005,-0.44565474987,-1.77911710739,8.84470209712e-05
35821600000,0.0466227754951,0.00320948800072,0.0718094110489,-0.435955345631,-1.77911710739,-0.000193741419935
35821600000,0.0466672889888,0.00702227838337,0.0673147812486,-0.414927750826,-1.77911710739,-0.000162326788995
35821600000,0.0467535480857,0.012560935691,0.0632474720478,-0.397509485483,-1.77911710739,7.10709855412e-06
35821600000,0.0469065718353,0.0179711636156,0.0594195090234,-0.381765842438,-1.77911710739,0.000126339233248
35864200000,0.0470981262624,0.0221226364374,0.055670555681,-0.365412563086,-1.77911710739,0.000219365058001
35864200000,0.0473275110126,0.0248285923153,0.0523542910814,-0.354170739651,-1.77911698818,0.000297673628666
35864200000,0.0475892610848,0.0261003803462,0.0488112531602,-0.338574230671,-1.77911698818,-0.000220217436436
35864200000,0.0478269904852,0.02678142488,0.0457482263446,-0.327994436026,-1.77911698818,-0.000152096021338
35864200000,0.0481011793017,0.0260210130364,0.0424177646637,-0.313186705112,-1.77911698818,-7.35559151508e-05
35907400000,0.0483412742615,0.0250656250864,0.0393356792629,-0.301226854324,-1.77911698818,-2.03917716135e-06
35907400000,0.0485588014126,0.0237810947001,0.0367707014084,-0.296113848686,-1.77911698818,6.87714491505e-05
35907400000,0.0488111712039,0.0206267703325,0.0336517244577,-0.283315896988,-1.77911698818,0.00016471168783
35907400000,0.0489881969988,0.0185928046703,0.0310739371926,-0.27787476778,-1.77911698818,0.000246493233135
35913400000,0.0491582602262,0.0156138343737,0.0281822644174,-0.268167614937,-1.77911686897,-0.000240323686739
35923200000,0.0492952875793,0.0125302383676,0.0255697797984,-0.262841999531,-1.77911686897,-0.000132095796289
35964400000,0.0494027137756,0.00912903621793,0.0229524374008,-0.257959783077,-1.77911686897,1.11723820737e-05
35964400000,0.0494735725224,0.00587460352108,0.0204213839024,-0.255179554224,-1.77911686897,0.000194320688024
35964400000,0.0495131202042,0.00219223997556,0.0178612396121,-0.252838641405,-1.77911674976,-0.000110913693788
35964400000,0.0495297536254,0.00158595782705,0.0155624309555,-0.255794674158,-1.77911686897,0.000193199710338
36006200000,0.0495459251106,0.00152699777391,0.0131597593427,-0.258105933666,-1.77911698818,0.000134146990604
36006200000,0.0495611950755,0.0014531702036,0.0105355726555,-0.259254902601,-1.77911710739,-0.000218872708501
36006200000,0.0495753362775,0.0013647187734,0.00782871805131,-0.260763168335,-1.77911734581,8.90344090294e-05
36006200000,0.0495875701308,0.00127550284378,0.00560870347545,-0.270041078329,-1.77911746502,-6.47154956823e-05
36048400000,0.0496006421745,0.00117195514031,0.00265142484568,-0.272327512503,-1.77911758423,-0.000288104289211
36048400000,0.0496121011674,0.00106397585478,4.85039163323e-05,-0.28165230155,-1.77911782265,0.000184554344742
36048400000,0.0496222116053,0.000938320183195,-0.00285686785355,-0.288679659367,-1.77911794186,0.000133432025905
36048400000,0.0496314875782,0.000824390794151,-0.00567892566323,-0.299044549465,-1.77911806107,0.000157588074217
36090800000,0.0496389009058,0.000704569800291,-0.00871914625168,-0.308898568153,-1.77911818027,0.000250914483331
36090800000,0.0496451705694,0.00057471380569,-0.0116807343438,-0.32213973999,-1.77911818027,-0.000132091867272
36090800000,0.0496504604816,0.000447290978627,-0.0148841179907,-0.334755331278,-1.77911829948,0.000144337638631
36090800000,0.0496546030045,0.000319308455801,-0.0183531194925,-0.346499979496,-1.77911829948,-0.000125362901599
36131800000,0.0496573001146,0.000189480517292,-0.0218081045896,-0.360282957554,-1.77911829948,-0.000289679446723
36131800000,0.0496587008238,6.65793413646e-05,-0.0250466670841,-0.379962980747,-1.77911841869,0.000215735897655
36131800000,0.0496589466929,-6.31112852716e-05,-0.0291895791888,-0.391290843487,-1.77911841869,0.000212319588172
36132000000,0.0496572889388,-0.00101081107277,-0.0331089943647,-0.407104849815,-1.77911841869,0.000254227226833
36174400000,0.0496363416314,-0.00226729223505,-0.0365044847131,-0.429618299007,-1.77911841869,0.000254917307757
36174400000,0.0495492592454,-0.0107023203745,-0.0411608666182,-0.443201035261,-1.77911841869,0.000252067140536
36174400000,0.049415923655,-0.0154890026897,-0.0453709475696,-0.462086379528,-1.77911841869,0.000248112395639
36174400000,0.04920906201,-0.0208198279142,-0.0502120628953,-0.476497709751,-1.77911841869,0.000246778392466
36174400000,0.0489902831614,-0.0229880325496,-0.0547482445836,-0.495864182711,-1.77911841869,0.000241821398959
36216600000,0.0487320572138,-0.0249139405787,-0.0598475188017,-0.510871767998,-1.77911841869,0.000238751003053
36216600000,0.0484835878015,-0.0248685739934,-0.0647050216794,-0.530161380768,-1.77911841869,0.000230349440244
36216600000,0.048220384866,-0.0245554167777,-0.0701495185494,-0.544508218765,-1.77911841869,0.000223728653509
36216600000,0.0479701384902,-0.0233853589743,-0.0757675692439,-0.557877004147,-1.77911841869,0.000279550353298
36223400000,0.0477291345596,-0.0219209920615,-0.0814404562116,-0.571956396103,-1.77911829948,-0.000117910603876
36232400000,0.0475232079625,-0.019071854651,-0.086683511734,-0.59332638979,-1.77911806107,-0.000195976201212
36273200000,0.0473125055432,-0.0175739899278,-0.0926533713937,-0.606555998325,-1.77911782265,9.03424006538e-05
36273200000,0.0471491292119,-0.0143015831709,-0.0987686142325,-0.618866920471,-1.77911758423,0.000109876731585
36273400000,0.0470111072063,-0.0108193745837,-0.10451580584,-0.63650316,-1.77911734581,0.000251113669947
36273400000,0.0468937419355,-0.00819584354758,-0.111017674208,-0.645763754845,-1.77911710739,0.000283223256702
36315400000,0.0468119680882,-0.00495348265395,-0.117381349206,-0.656996905804,-1.77911674976,-0.000251874997048
36315600000,0.0467599593103,-0.00255665858276,-0.124115929008,-0.663541615009,-1.77911627293,-0.000206463344512
36315600000,0.0467297397554,-0.000908573972993,-0.130278974771,-0.677974283695,-1.7791159153,0.000284122303128
36315600000,0.0467081144452,-0.000111523942905,-0.136513188481,-0.690226078033,-1.77911543846,0.000246410781983
36357800000,0.0466951653361,-0.000112076035293,-0.144057884812,-0.687454223633,-1.77911520004,0.000257328036241
36357800000,0.0466903075576,-1.03767270048e-05,-0.150426089764,-0.698431670666,-1.77911472321,0.000169082530192
36357800000,0.0466905012727,3.76452007913e-05,-0.157396703959,-0.701004683971,-1.77911400795,6.27080880804e-05
36357800000,0.0466917306185,9.55004943535e-05,-0.1644051373,-0.702176094055,-1.77911329269,6.01927749813e-05
36404800000,0.0466934479773,0.000195497603272,-0.170874774456,-0.70914888382,-1.77911269665,0.000279637402855
36404800000,0.0466961301863,0.000253826932749,-0.178200989962,-0.704247832298,-1.77911221981,0.000103566679172
36404800000,0.0466994196177,0.000322402454913,-0.184820890427,-0.707020163536,-1.77911174297,-0.000177999376319
36405000000,0.0467036813498,0.000386688538129,-0.191707924008,-0.704752087593,-1.77911138535,-4.24351346737e-05
36405000000,0.0467083081603,0.000471594627015,-0.198427453637,-0.70285576582,-1.77911114693,1.7551392375e-05
36446600000,0.046713616699,0.000550260941964,-0.205386906862,-0.696301400661,-1.77911102772,9.46452710195e-05
36446600000,0.0467198379338,0.000623149855528,-0.212153553963,-0.690168261528,-1.77911102772,0.000102883692307
36446600000,0.0467273555696,0.000670720473863,-0.219262093306,-0.677127182484,-1.77911114693,0.000243297341513
36446600000,0.0467351935804,0.000743386626709,-0.225589782,-0.671604454517,-1.77911114693,-0.000162479816936
36453000000,0.0467446967959,0.000800167501438,-0.232126936316,-0.663266301155,-1.77911126614,-3.24809798258e-06
36462600000,0.0467559024692,0.000871130090673,-0.238436087966,-0.654081761837,-1.77911138535,0.000167764723301
36503000000,0.0467698834836,0.000919511541724,-0.244638741016,-0.643677830696,-1.77911138535,-0.000240043344093
36503000000,0.0467873066664,0.000958563294262,-0.250977545977,-0.629086315632,-1.77911150455,-4.44463184976e-05
36503000000,0.0468080639839,0.000989057822153,-0.257181286812,-0.613585591316,-1.77911162376,0.000152340144268
36503000000,0.0468318760395,0.00101124343928,-0.262882262468,-0.601932585239,-1.77911162376,-0.000220380490646
36544200000,0.0468580164015,0.00111009902321,-0.268683612347,-0.586446166039,-1.77911174297,2.09198533412e-05
36544200000,0.0468863658607,0.00133055460174,-0.274332851171,-0.57036614418,-1.77911186218,0.000266685441602
36544200000,0.0469151884317,0.00147260515951,-0.279823958874,-0.553761959076,-1.77911186218,-7.76339220465e-05
36544200000,0.0469440482557,0.00102037296165,-0.285577952862,-0.530893087387,-1.77911198139,0.00011138075206
36586000000,0.0469690486789,0.0010093000019,-0.290622472763,-0.515308737755,-1.77911198139,-0.000248265336268
36586000000,0.0469910018146,0.000995312002487,-0.295602470636,-0.497928887606,-1.7791121006,-5.13714112458e-05
36586200000,0.0470090247691,0.000960158591624,-0.300409674644,-0.480347156525,-1.77911221981,0.000109039952804
36586200000,0.0470234416425,0.000922439678106,-0.305135071278,-0.461251139641,-1.77911233902,0.000224887800869
36628400000,0.0470336936414,0.000889091927093,-0.309234648943,-0.448853254318,-1.77911233902,-0.000216405023821
36628400000,0.0470436736941,0.000812323298305,-0.313872486353,-0.426052927971,-1.77911245823,-0.000207076911465
36628400000,0.0470511838794,0.000756407855079,-0.31773686409,-0.412366211414,-1.77911257744,-0.00012673906167
36628400000,0.047058776021,0.000692143221386,-0.321687728167,-0.395191758871,-1.77911269665,-6.54501491226e-05
36673800000,0.0470650754869,0.000610900868196,-0.32539716363,-0.37944856286,-1.77911281586,6.50894726277e-05
36673800000,0.0470715723932,0.000517098116688,-0.329228758812,-0.359669566154,-1.77911293507,0.000217828594032
36673800000,0.0470762252808,0.000420565629611,-0.332564532757,-0.34713101387,-1.77911293507,-0.000126215396449
36673800000,0.0470800586045,0.000330017472152,-0.335817068815,-0.332490235567,-1.77911305428,0.000178929461981
36673800000,0.0470830388367,0.000220246074605,-0.339111357927,-0.316131621599,-1.77911305428,-6.27346089459e-05
36715800000,0.0470848158002,0.00010597481014,-0.342210501432,-0.302542954683,-1.77911305428,-0.000219412046135
36715800000,0.0470854043961,-9.74813974608e-06,-0.345179736614,-0.289226859808,-1.77911317348,0.000291773118079
36715800000,0.0470849387348,-0.000123553938465,-0.347693353891,-0.28203240037,-1.77911317348,0.000290635740384
36715800000,0.0470745302737,-0.00427283113822,-0.350711405277,-0.266378372908,-1.77911317348,0.00029365386581
36722400000,0.0469956658781,-0.0126222511753,-0.353038132191,-0.261053770781,-1.77911317348,0.000282753171632
36733200000,0.0467879548669,-0.0244029946625,-0.355798572302,-0.249444499612,-1.77911317348,0.000264921050984
36771200000,0.046502828598,-0.0326797328889,-0.358230739832,-0.243029743433,-1.77911317348,0.000250872515608
36771200000,0.0461527258158,-0.0388352274895,-0.360557496548,-0.238505959511,-1.77911317348,0.000236044506892
36771200000,0.0457492694259,-0.0433802939951,-0.362839907408,-0.235249742866,-1.77911317348,0.000221195150516
36813800000,0.0452973246574,-0.046788085252,-0.365136325359,-0.232490196824,-1.77911317348,0.000205125470529
36813800000,0.0448173247278,-0.0490083694458,-0.367411732674,-0.231073662639,-1.77911317348,0.000188461999642
36813800000,0.0443098954856,-0.050416469574,-0.369725108147,-0.23031231761,-1.77911317348,0.000170934057678
36813800000,0.0438043624163,-0.0507742092013,-0.371905326843,-0.232880175114,-1.77911317348,0.000153442189912
36813800000,0.0432987883687,-0.0503691323102,-0.374148726463,-0.236147239804,-1.77911317348,0.000135875161504
36853800000,0.0427802912891,-0.0496283434331,-0.376564949751,-0.238779678941,-1.77911317348,0.000117542636872
36853800000,0.0423242636025,-0.0474495813251,-0.378834158182,-0.245318382978,-1.77911317348,0.000100308498077
36853800000,0.0418742150068,-0.0449959412217,-0.381305813789,-0.251330286264,-1.77911317348,8.19221750135e-05
36853800000,0.0414377339184,-0.0419838540256,-0.383642703295,-0.260896980762,-1.77911317348,6.34357566014e-05
36863200000,0.0409812033176,-0.0397890396416,-0.386479139328,-0.266667485237,-1.77911317348,4.41527554358e-05
36873000000,0.0406070649624,-0.0360744781792,-0.389095664024,-0.277639716864,-1.77911317348,2.58145264525e-05
36918200000,0.0402800142765,-0.0315650478005,-0.391754776239,-0.290368229151,-1.77911317348,7.41998292142e-06
36918200000,0.039947617799,-0.0283463615924,-0.394760757685,-0.301329791546,-1.77911317348,-1.17765976029e-05
36918200000,0.0396921634674,-0.0234625730664,-0.397776991129,-0.314666301012,-1.77911317348,-3.09740098601e-05
36918200000,0.0394612103701,-0.019445406273,-0.400993943214,-0.328079819679,-1.77911317348,-5.0580540119e-05
36960600000,0.0392939411104,-0.013847142458,-0.404086232185,-0.345783114433,-1.77911317348,-7.03174446244e-05
36960600000,0.0391576252878,-0.00964560732245,-0.407671242952,-0.360060095787,-1.77911317348,-9.14058691706e-05
36960600000,0.0390741303563,-0.0048197559081,-0.411277800798,-0.376540958881,-1.77911317348,-0.000114039052278
36960600000,0.0390268154442,-0.0020612066146,-0.415126949549,-0.392780303955,-1.77911317348,-0.000124150785268
37002200000,0.0389987081289,-0.000699285534211,-0.418989300728,-0.411717027426,-1.77911317348,-0.000136021510116
37002200000,0.0389834567904,-0.000115880837257,-0.423105627298,-0.429928988218,-1.77911317348,-0.000156161637278
37002200000,0.0389784798026,-7.60606853873e-05,-0.427401423454,-0.448315382004,-1.77911317348,-0.000198542635189
37002200000,0.0389785654843,-1.59497885761e-05,-0.431879341602,-0.467046052217,-1.77911317348,-0.000253491278272
37044800000,0.0389792025089,4.50313564215e-05,-0.436616241932,-0.484042257071,-1.77911329269,0.000248891999945
37044800000,0.0389803871512,0.000104904676846,-0.44116666913,-0.507442831993,-1.77911329269,0.00011610960064
37044800000,0.0389822088182,0.000167459016666,-0.445983707905,-0.528235733509,-1.77911329269,-4.77287649119e-05
37044800000,0.0389846712351,0.00023461485398,-0.451404094696,-0.544813334942,-1.77911329269,-0.000269452197244
37044800000,0.038988083601,0.000289834162686,-0.45701867342,-0.560564577579,-1.7791134119,7.72863641032e-05
37086800000,0.0389933697879,0.000337158504408,-0.46259367466,-0.578452289104,-1.7791134119,-0.000177771347808
37086800000,0.0390011109412,0.000408811611123,-0.468103826046,-0.598612308502,-1.77911353111,0.000170170082129
37086800000,0.0390136651695,0.000443987315521,-0.474259138107,-0.612664282322,-1.77911353111,-0.000107833984657
37086800000,0.0390309989452,0.000501126749441,-0.479708224535,-0.635012567043,-1.77911365032,0.000259410531726
37092600000,0.0390546359122,0.000526724732481,-0.486058861017,-0.649521827698,-1.77911365032,-3.85155408367e-06
37102800000,0.0390838347375,0.00054989050841,-0.492696732283,-0.661611437798,-1.77911365032,-0.000275694648735
37144600000,0.0391174517572,0.000553216726985,-0.499485492706,-0.672182261944,-1.77911376953,5.08507946506e-05
37144600000,0.0391506999731,0.0061489478685,-0.50476193428,-0.695380270481,-1.77911376953,-0.000133208333864
37144600000,0.0391892679036,0.000548324314877,-0.512781262398,-0.698565363884,-1.77911388874,0.000149590268848
37144600000,0.0392226986587,0.000525478797499,-0.519214391708,-0.71218341589,-1.77911388874,-0.00012047898781
37190000000,0.0392517708242,0.000463368574856,-0.526601910591,-0.718830704689,-1.77911400795,0.000255507475231
37190000000,0.0392744317651,0.000401595927542,-0.533833146095,-0.727278828621,-1.77911400795,-2.8213557016e-05
37190200000,0.0392902903259,0.000336278171744,-0.541175186634,-0.733000993729,-1.77911400795,-0.000271710625384
37190200000,0.0392996668816,0.0002709957771,-0.548254132271,-0.739634931087,-1.77911412716,0.000101121884654
37232400000,0.0393046252429,0.000178817921551,-0.555379629135,-0.746387422085,-1.77911412716,-0.000100997422123
37232400000,0.0393066182733,6.51156515232e-05,-0.562542378902,-0.751546800137,-1.77911412716,-0.000266505783657
37232400000,0.0393071062863,-6.89560984029e-05,-0.570030868053,-0.75150167942,-1.77911424637,0.000230049656238
37232400000,0.0392941534519,-0.00572271645069,-0.577530622482,-0.749054670334,-1.77911424637,0.000190624559764
37274800000,0.039212513715,-0.0150170233101,-0.58502560854,-0.744592547417,-1.77911424637,0.000177127265488
37274800000,0.0389834754169,-0.0304658263922,-0.591753721237,-0.750526189804,-1.77911424637,0.000162346725119
37274800000,0.0385310798883,-0.0522269755602,-0.599052608013,-0.747146070004,-1.77911424637,0.000147929706145
37274800000,0.0378247275949,-0.0762524604797,-0.606461942196,-0.7405397892,-1.77911424637,0.000133172768983
37274800000,0.0369209311903,-0.0971146896482,-0.61410844326,-0.727900087833,-1.77911424637,0.000116973329568
37316800000,0.0358724370599,-0.114284083247,-0.621391654015,-0.718270719051,-1.77911424637,0.000100941164419
37316800000,0.034658882767,-0.131629243493,-0.628476500511,-0.709787845612,-1.77911424637,8.49063435453e-05
37316800000,0.0333170667291,-0.144476994872,-0.634738087654,-0.709589421749,-1.77911424637,6.86694693286e-05
37316800000,0.0318379811943,-0.157918825746,-0.641607165337,-0.698369622231,-1.77911424637,5.29237113369e-05
37322600000,0.0301672704518,-0.171410605311,-0.648771643639,-0.679926335812,-1.77911424637,3.73983020836e-05
37332800000,0.0284788385034,-0.181987822056,-0.655260622501,-0.668445169926,-1.77911424637,2.18090463022e-05
37374200000,0.0266881790012,-0.185847178102,-0.661531090736,-0.652283132076,-1.77911424637,5.00998612551e-06
37374200000,0.0245789159089,-0.204974725842,-0.668263375759,-0.636023640633,-1.77911424637,-7.52495316192e-06
37374200000,0.0225360877812,-0.214862897992,-0.674210727215,-0.623546540737,-1.77911424637,-2.02586870728e-05
37374200000,0.0202260222286,-0.224905893207,-0.680366456509,-0.60401570797,-1.77911424637,-3.37136880262e-05
37416000000,0.0179649740458,-0.23209913075,-0.686222195625,-0.586044073105,-1.77911424637,-4.52928579762e-05
37416000000,0.01579368487,-0.235361173749,-0.691897153854,-0.566953659058,-1.77911424637,-5.55375154363e-05
37416000000,0.0133918486536,-0.239751785994,-0.69738304615,-0.547404587269,-1.77911424637,-6.55641924823e-05
37416000000,0.0111511265859,-0.240907952189,-0.70235824585,-0.532054066658,-1.77911424637,-7.37410809961e-05
37458400000,0.00870105158538,-0.242284417152,-0.707565963268,-0.509973406792,-1.77911424637,-8.15912062535e-05
37458400000,0.00615382334217,-0.242308989167,-0.712562799454,-0.48768478632,-1.77911424637,-8.86612542672e-05
37458600000,0.00372082833201,-0.239019542933,-0.717237830162,-0.466252565384,-1.77911424637,-9.40986428759e-05
37458600000,0.00147389329504,-0.234359949827,-0.721898198128,-0.442668110132,-1.77911424637,-9.83724894468e-05
37500400000,-0.000632824725471,-0.227039039135,-0.725740909576,-0.427659779787,-1.77911424637,-0.000101191741123
37500400000,-0.00293947267346,-0.218634054065,-0.72997879982,-0.403720974922,-1.77911424637,-0.000103578575363
37500400000,-0.00509936036542,-0.207664996386,-0.73398655653,-0.379528194666,-1.77911424637,-0.000104864899185
37500400000,-0.00709564611316,-0.19436532259,-0.737408101559,-0.361572861671,-1.77911424637,-0.000105183113192
37543000000,-0.00884277559817,-0.178874149919,-0.740779995918,-0.341198951006,-1.77911424637,-0.000104756312794
37543000000,-0.0106398314238,-0.160882025957,-0.744207024574,-0.317034959793,-1.77911424637,-0.000103452635813
37543000000,-0.0120577039197,-0.140986591578,-0.747107088566,-0.298223495483,-1.77911424637,-0.000101725636341
37543000000,-0.0134807750583,-0.117655485868,-0.750152051449,-0.274131774902,-1.77911424637,-9.91469059954e-05
37543000000,-0.0144543442875,-0.0934173986316,-0.752712130547,-0.255188316107,-1.77911424637,-9.67798550846e-05
37585600000,-0.0152925588191,-0.0657232105732,-0.755086541176,-0.23664970696,-1.77911424637,-9.39366364037e-05
37585600000,-0.0158210862428,-0.0358729101717,-0.757366538048,-0.217047482729,-1.77911424637,-9.10845701583e-05
37585600000,-0.0160340014845,-0.0039949240163,-0.759416460991,-0.198736548424,-1.77911424637,-8.93166725291e-05
37585600000,-0.0160425957292,3.47481327481e-05,-0.761234164238,-0.179306074977,-1.77911424637,-0.000139463460073
37592600000,-0.0160410236567,0.000255355786067,-0.762915611267,-0.162492737174,-1.77911424637,-0.000293434335617
37603000000,-0.015995208174,0.0102226287127,-0.764443039894,-0.147035300732,-1.77911436558,0.000182716859854
37642000000,-0.0157370343804,0.0559889115393,-0.765811383724,-0.135952293873,-1.77911436558,0.000161465635756
37642000000,-0.0149083836004,0.116145171225,-0.767097473145,-0.120465315878,-1.77911436558,0.000153758213855
37642000000,-0.0134291835129,0.176604360342,-0.768251419067,-0.10451965034,-1.77911436558,0.000147612721776
37684600000,-0.0113719981164,0.234473764896,-0.76923584938,-0.090038344264,-1.77911436558,0.000141610245919
37684600000,-0.00913763325661,0.288358569145,-0.770006775856,-0.0799334868789,-1.77911436558,0.000134634203278
37684600000,-0.00593580678105,0.344599813223,-0.770728588104,-0.0681291744113,-1.77911436558,0.000126234590425
37684800000,-0.00215076748282,0.399444937706,-0.771360635757,-0.0561727210879,-1.77911436558,0.000115675517009
37684800000,0.00211921264417,0.453198194504,-0.771872103214,-0.0455965697765,-1.77911436558,0.000102663223515
37730000000,0.00643141847104,0.50614964962,-0.772249162197,-0.0390735827386,-1.77911436558,8.68433853611e-05
37730000000,0.0120768733323,0.559170424938,-0.772599995136,-0.0282086450607,-1.77911436558,6.72305322951e-05
37730000000,0.0175909269601,0.611860692501,-0.772843778133,-0.0207255985588,-1.77911436558,4.29866595368e-05
37730000000,0.02397483401,0.663507819176,-0.773015677929,-0.0149626545608,-1.77911436558,1.34534584504e-05
37733400000,0.030885996297,0.714157402515,-0.773131489754,-0.00847095716745,-1.77911436558,-2.34108192672e-05
37743400000,0.0381947122514,0.766061246395,-0.773197054863,-0.00279880524613,-1.77911436558,-6.32731243968e-05
37784000000,0.0459675304592,0.812413156033,-0.773232519627,8.18457265268e-05,-1.77911436558,-8.91889139893e-05
37784000000,0.0538634844124,0.861162662506,-0.773254811764,2.48737014772e-05,-1.77911436558,-0.000113233392767
37784000000,0.0623659752309,0.908156752586,-0.773268043995,-5.26599869772e-05,-1.77911436558,-0.000141657161294
37784000000,0.0718702152371,0.952491641045,-0.773275971413,-1.40697748066e-05,-1.77911436558,-0.000174504501047
37826000000,0.0810419172049,0.995907664299,-0.773279547691,5.86374153499e-05,-1.77911436558,-0.000215473788558
37826000000,0.0905887931585,1.03649258614,-0.773280978203,1.07123942144e-05,-1.77911436558,-0.00026416828041
37826000000,0.101135127246,1.074447155,-0.773281335831,-9.46856162045e-05,-1.77911448479,0.000276804727037
37826000000,0.111834101379,1.10958051682,-0.773281395435,-0.000114978247439,-1.77911448479,0.000211333084735
37867400000,0.12309307605,1.14133572578,-0.77328145504,-0.000143669065437,-1.77911448479,0.000140684496728
37867400000,0.134470239282,1.1738833189,-0.773281037807,-0.000141264361446,-1.77911448479,6.02285508648e-05
37867400000,0.147037446499,1.19072902203,-0.773276805878,-8.39851873025e-06,-1.77911448479,-2.95886602544e-05
37867400000,0.158359333873,1.21114838123,-0.77326798439,-7.60008115321e-05,-1.77911448479,-0.000120123229863
37913400000,0.170427516103,1.23648130894,-0.77325886488,-8.99788665265e-06,-1.77911448479,-0.000216360174818
37913400000,0.182882547379,1.245403409,-0.773242592812,5.55774386157e-05,-1.779114604,0.000275499041891
37913400000,0.195110321045,1.24760389328,-0.77322280407,-7.79112961027e-05,-1.779114604,0.000170718922163
37913400000,0.206974089146,1.26332461834,-0.77321010828,-0.000136647940963,-1.779114604,5.89112823945e-05
37913400000,0.219400495291,1.26473975182,-0.773196399212,3.90257773688e-05,-1.779114604,-5.95879246248e-05
37955400000,0.23231561482,1.25713515282,-0.773185074329,-8.49645293783e-05,-1.779114604,-0.000186906851013
37955400000,0.244659289718,1.24766075611,-0.773177504539,-5.55897713639e-05,-1.77911472321,0.000281466520391
37955400000,0.256888747215,1.23341369629,-0.773173570633,8.129964408e-05,-1.77911472321,0.000149550760398
37955400000,0.269161552191,1.20950376987,-0.773172080517,-8.72058080859e-05,-1.77911472321,1.69305221789e-05
37963000000,0.28100964427,1.1889578104,-0.773172259331,-2.81197844743e-05,-1.77911472321,-0.000112135872769
37972800000,0.291681587696,1.16765189171,-0.773172438145,7.15748974471e-05,-1.77911472321,-0.00024094193941
38012600000,0.303002893925,1.13388943672,-0.773172557354,-8.06230455055e-05,-1.77911484241,0.000221680864342
38012600000,0.31418928504,1.0934984684,-0.773172795773,6.09118578723e-05,-1.77911484241,7.64753349358e-05
38012800000,0.324537336826,1.05165266991,-0.773173213005,-0.000104995473521,-1.77911484241,-6.20646533207e-05
38012800000,0.334855675697,1.00166964531,-0.773174285889,0.000104230748548,-1.77911484241,-0.000206466429518
38058000000,0.344846636057,0.944895029068,-0.773176193237,-0.00014063672279,-1.77911496162,0.000225495125051
38058000000,0.35282689333,0.897453665733,-0.773179471493,-3.46816632373e-05,-1.77911496162,8.63676323206e-05
38058000000,0.361863672733,0.830943703651,-0.773184716702,-6.95057387929e-05,-1.77911496162,-7.5649448263e-05
38058000000,0.369585961103,0.766438305378,-0.773192465305,-0.000129609135911,-1.77911496162,-0.000245687086135
38100200000,0.376948088408,0.694546699524,-0.77320343256,-1.19918240671e-06,-1.77911508083,0.000169827457285
38100200000,0.383700489998,0.617277085781,-0.773218214512,-0.000607867434155,-1.77911508083,-2.03699746635e-05
38100200000,0.389542669058,0.538620769978,-0.773237466812,-0.00207889662124,-1.77911508083,-0.000217015738599
38100200000,0.394210517406,0.463918805122,-0.773260772228,-0.00343499658629,-1.77911520004,0.000161279953318
38142600000,0.398549467325,0.37705668807,-0.773294985294,-0.00417544227093,-1.77911520004,-7.90764461271e-05
38142600000,0.401275902987,0.30746743083,-0.773331463337,-0.0042228884995,-1.77911520004,-0.000291440024739
38142600000,0.404212415218,0.207279384136,-0.773373425007,-0.00389638938941,-1.77911531925,6.91692330292e-05
38142600000,0.405874818563,0.11536758393,-0.773412704468,-0.00338976946659,-1.77911531925,-0.000173567648744
38184600000,0.406606137753,0.0221827849746,-0.773443937302,-0.00242205290124,-1.77911543846,0.000181247945875
38184600000,0.406649827957,-0.000264618167421,-0.773508727551,-0.00847638119012,-1.77911543846,-7.03131081536e-05
38184600000,0.406417280436,-0.0629699900746,-0.773551464081,-0.000510452489834,-1.77911543846,-0.000279580417555
38184600000,0.405385017395,-0.166992112994,-0.773564636707,-3.85603125324e-05,-1.77911555767,0.000125338629005
38184600000,0.403406411409,-0.275879651308,-0.773569941521,-0.000146112433868,-1.77911555767,-4.81113638671e-05
38225600000,0.399827212095,-0.393314778805,-0.773573577404,9.84912912827e-05,-1.77911555767,-0.00022920545598
38225600000,0.395465314388,-0.498761743307,-0.773575603962,-7.18769806554e-05,-1.77911567688,0.000209556455957
38225600000,0.390203744173,-0.599312126637,-0.773576378822,-0.000138171366416,-1.77911567688,5.0810900575e-05
38225800000,0.384281009436,-0.694170773029,-0.773576557636,-5.77541904931e-05,-1.77911567688,-7.93604267528e-05
38232600000,0.377056986094,-0.788002789021,-0.773576676846,-0.000120681776025,-1.77911567688,-0.000222365328227
38242800000,0.368578255177,-0.878895163536,-0.773575484753,8.24544185889e-05,-1.77911579609,0.000237852873397
38282800000,0.359745889902,-0.963812410831,-0.773570299149,6.79083168507e-05,-1.77911579609,9.58823584369e-05
38282800000,0.349706202745,-1.04494130611,-0.773558199406,-0.000110185377707,-1.77911579609,-5.43925161764e-05
38282800000,0.33863222599,-1.12065327168,-0.77353656292,-1.03907741504e-05,-1.77911579609,-0.000215109961573
38327400000,0.327244371176,-1.19160032272,-0.7735029459,1.8864262529e-05,-1.7791159153,0.000224978211918
38327400000,0.315927177668,-1.25856363773,-0.773455858231,0.000377052288968,-1.7791159153,7.24469864508e-05
38327400000,0.303522467613,-1.32126438618,-0.77339553833,0.00433235801756,-1.7791159153,-7.86988748587e-05
38327400000,0.290006875992,-1.37747395039,-0.773322463036,0.00718816416338,-1.7791159153,-0.000230931851547
38327400000,0.275373727083,-1.42435061932,-0.773232579231,0.00511129107326,-1.77911603451,0.000202214810997
38369400000,0.261394202709,-1.47018826008,-0.773133635521,0.00725376559421,-1.77911603451,6.50122019579e-05
38369400000,0.246725544333,-1.50811052322,-0.773023307323,0.00770273199305,-1.77911603451,-7.41723415558e-05
38369400000,0.231716230512,-1.53935050964,-0.772906601429,0.00892196036875,-1.77911603451,-0.000208537472645
38369400000,0.21768450737,-1.56993937492,-0.772790968418,0.0131231090054,-1.77911615372,0.000271694647381
38372800000,0.201573565602,-1.58486163616,-0.772669732571,0.0144731309265,-1.77911615372,0.000143967379699
38383200000,0.185313135386,-1.59110224247,-0.772543668747,0.0133345844224,-1.77911615372,2.47871430474e-05
38421600000,0.170896068215,-1.60146903992,-0.772431135178,0.0162462089211,-1.77911615372,-6.99210286257e-05
38421600000,0.154567852616,-1.59360098839,-0.772313177586,0.0141064627096,-1.77911615372,-0.000174217653694
38421600000,0.138803914189,-1.52225720882,-0.772227823734,0.0180260315537,-1.77911615372,-0.000288916868158
38462000000,0.123496808112,-1.5625218153,-0.772097229958,0.0114533724263,-1.77911627293,0.000242595880991
38462000000,0.108479827642,-1.5441596508,-0.77200782299,0.0060811447911,-1.77911627293,0.000163190677995
38462000000,0.0931367650628,-1.50505185127,-0.771938145161,0.00287383957766,-1.77911627293,9.46415748331e-05
38462000000,0.0787918567657,-1.4628572464,-0.77188372612,0.000680954603013,-1.77911627293,2.98956310871e-05
38504600000,0.0640545636415,-1.40626072884,-0.771843075752,0.00036386368447,-1.77911627293,-2.8335780371e-05
38504600000,0.0501725636423,-1.34582960606,-0.771815121174,2.18999866775e-05,-1.77911627293,-7.8691613453e-05
38504600000,0.0384655594826,-1.29297041893,-0.771798729897,4.25125545007e-05,-1.77911627293,-0.000113623435027
38504600000,0.0255910381675,-1.21723818779,-0.771791636944,2.74663871096e-05,-1.77911627293,-0.000146247359226
38504600000,0.013514908962,-1.13398790359,-0.771790266037,-0.00013705654419,-1.77911627293,-0.000166868034285
38546600000,0.0029585910961,-1.04972338676,-0.771790266037,3.44627842424e-05,-1.77911627293,-0.000172244312125
38546600000,-0.00698054116219,-0.961166441441,-0.771790206432,6.78182768752e-05,-1.77911627293,-0.00016386412608
38546600000,-0.0160079747438,-0.864735603333,-0.771790087223,-4.74932385259e-05,-1.77911627293,-0.000144738252857
38546600000,-0.0237549189478,-0.767340898514,-0.771789968014,-7.38030867069e-05,-1.77911627293,-0.000115673508844
38552800000,-0.03095331043,-0.657865107059,-0.771789848804,0.000129218926304,-1.77911627293,-7.30676329113e-05
38563000000,-0.0370332896709,-0.543841421604,-0.771789610386,-5.22548034496e-05,-1.77911627293,-1.89230340766e-05
38608400000,-0.0419447310269,-0.425282597542,-0.771803617477,-0.00301870470867,-1.77911627293,-6.0237107391e-06
38608400000,-0.0453392192721,-0.313918530941,-0.771856784821,-0.00845674611628,-1.77911627293,-1.77068905032e-05
38608400000,-0.0479251109064,-0.189266949892,-0.771960377693,-0.0127322897315,-1.77911627293,-2.11850237974e-05
38608400000,-0.0492450110614,-0.0621745474637,-0.772103250027,-0.0160338524729,-1.77911627293,-2.17587585212e-05
38650600000,-0.049464058131,0.000341446371749,-0.772233128548,-0.0102835698053,-1.77911627293,-0.000120241114928
38650600000,-0.0491025485098,0.093055292964,-0.772395193577,-0.0199324693531,-1.77911627293,-0.000244967464823
38650600000,-0.047552831471,0.234588205814,-0.772621452808,-0.0241479575634,-1.77911627293,-0.000250552373473
38650600000,-0.0445446483791,0.384361743927,-0.772860407829,-0.0253184977919,-1.77911627293,-0.000259352615103
38691000000,-0.040066793561,0.531608223915,-0.773106813431,-0.0240315049887,-1.77911627293,-0.000270138290944
38691000000,-0.0342906266451,0.673901677132,-0.773336648941,-0.0239958856255,-1.77911627293,-0.000284550187644
38691000000,-0.0273410119116,0.81138497591,-0.773552298546,-0.0249047987163,-1.77911639214,0.000293182471069
38691000000,-0.0193373095244,0.943392753601,-0.773765325546,-0.0238621700555,-1.77911639214,0.000270309683401
38733800000,-0.00907577387989,1.03408360481,-0.773932218552,-0.0266083087772,-1.77911639214,0.000249679636909
38733800000,0.0012649128912,1.20669603348,-0.774135649204,-0.0270905718207,-1.77911639214,0.000203884759685
38733800000,0.0147419078276,1.33638370037,-0.774325489998,-0.0175366848707,-1.77911639214,0.00015725583944
38733800000,0.0275694746524,1.45248305798,-0.774465084076,-0.01897989586,-1.77911639214,0.00011381112563
38733800000,0.0438737869263,1.55887770653,-0.774611115456,-0.00943426322192,-1.77911639214,6.32453011349e-05
38779400000,0.0597813762724,1.66233098507,-0.774727582932,-0.00476311612874,-1.77911639214,7.6398910096e-06
38779400000,0.076689735055,1.7600684166,-0.774825751781,-0.00100628042128,-1.77911639214,-5.42672969459e-05
38779400000,0.0955776721239,1.84310340881,-0.774906933308,-0.000126887855004,-1.77911639214,-0.000132033936097
38779400000,0.11234845221,1.93727123737,-0.774974346161,-0.000337204633979,-1.77911639214,-0.000210997430258
38783400000,0.13308082521,2.02070474625,-0.775027811527,0.000116180061013,-1.77911651134,0.000282172230072
38792400000,0.15132433176,2.10104656219,-0.775066435337,-0.000159729868756,-1.77911651134,0.000180167073268
38833600000,0.171832993627,2.1667881012,-0.775090038776,2.22199832933e-05,-1.77911651134,5.67354509258e-05
38833600000,0.194246336818,2.22191810608,-0.775094330311,4.57255810034e-05,-1.77911651134,-8.68070783326e-05
38833600000,0.217213198543,2.26588368416,-0.775074064732,0.00122852658387,-1.77911651134,-0.000237543208641
38833600000,0.237874627113,2.31306147575,-0.775027573109,0.00129717611708,-1.77911663055,-0.000216000291402
38875200000,0.262102931738,2.33636188507,-0.774942815304,0.0081287920475,-1.77911674976,0.000203766074264
38875200000,0.283788502216,2.36472892761,-0.774826824665,0.00912643224001,-1.77911674976,3.61560414603e-05
38875200000,0.306576043367,2.37912964821,-0.77465993166,0.0141856167465,-1.77911674976,-0.000155776258907
38875200000,0.329992830753,2.38958787918,-0.774446070194,0.0199868995696,-1.77911686897,0.000232128819334
38917800000,0.354774236679,2.36872172356,-0.774137794971,0.028915354982,-1.77911686897,3.01292311633e-06
38917800000,0.378472864628,2.34970903397,-0.773787260056,0.0360684916377,-1.77911686897,-0.000224778879783
38917800000,0.402435779572,2.31766104698,-0.773399174213,0.0414751134813,-1.77911698818,0.000119541691674
38917800000,0.42504248023,2.27497410774,-0.772992312908,0.0392307415605,-1.77911698818,-0.000132596775074
38964200000,0.447399199009,2.24418354034,-0.772562026978,0.044468794018,-1.77911710739,0.000189992788364
38964200000,0.468465834856,2.20274829865,-0.772111296654,0.0450338982046,-1.77911710739,-7.68062382122e-05
38964200000,0.489461988211,2.14644193649,-0.771600604057,0.0492140725255,-1.7791172266,0.000228192860959
38964200000,0.509436607361,2.08449745178,-0.771114885807,0.0483112633228,-1.7791172266,-5.58296887903e-05
38964200000,0.530360281467,2.00078964233,-0.770601212978,0.0490551292896,-1.77911734581,0.000253586651525
39005600000,0.550043582916,1.91227066517,-0.770073771477,0.050228908658,-1.77911734581,-7.458600885e-05
39005600000,0.568096220493,1.82391703129,-0.769567906857,0.0493072085083,-1.77911746502,0.00020255529671
39005600000,0.585550963879,1.72124826908,-0.769026517868,0.0496674701571,-1.77911746502,-0.000140123185702
39005800000,0.602033734322,1.61937224865,-0.768543601036,0.0483368039131,-1.77911758423,0.000135693830089
39012400000,0.616859674454,1.51442885399,-0.768090367317,0.0451650694013,-1.77911758423,-0.000181458453881
39022600000,0.631485164165,1.39294159412,-0.767619431019,0.0436883978546,-1.77911770344,6.04788838245e-05
39062000000,0.645379900932,1.25915074348,-0.767150104046,0.042319137603,-1.77911782265,8.26379691716e-05
39062000000,0.657205343246,1.13092672825,-0.766770541668,0.0382288433611,-1.77911782265,-3.66124077118e-05
39062000000,0.667348563671,1.00518906116,-0.766394078732,0.0347836464643,-1.77911794186,0.000208220575587
39103200000,0.676967918873,0.862634181976,-0.76607054472,0.0304402504116,-1.77911794186,-0.000152101842104
39103200000,0.684542298317,0.729394257069,-0.765793859959,0.0261916443706,-1.77911806107,9.56706280704e-05
39103200000,0.690606296062,0.598495900631,-0.765556156635,0.0215387698263,-1.77911806107,-0.000232522943406
39103200000,0.695940971375,0.4512835145,-0.765359818935,0.016573978588,-1.77911818027,-1.20978404539e-06
39103200000,0.699794590473,0.302875190973,-0.765218853951,0.0111439498141,-1.77911829948,0.00022940695635
39145400000,0.702214539051,0.14934822917,-0.765133976936,0.00459308549762,-1.77911829948,-0.000156503301696
39145400000,0.703016042709,0.0027488428168,-0.765110552311,-3.58576689905e-05,-1.77911841869,0.000120417098515
39145400000,0.702844917774,-0.0481984466314,-0.765110909939,6.25429893262e-05,-1.77911841869,-0.000193625804968
39145400000,0.701789557934,-0.18700106442,-0.765110373497,-2.27544605877e-05,-1.7791185379,0.000150008039782
39153400000,0.69927418232,-0.348113179207,-0.76511067152,6.30564754829e-05,-1.7791185379,-7.26310681785e-05
39163200000,0.695716142654,-0.338881164789,-0.765110850334,8.86445923243e-05,-1.77911865711,0.000253430218436
39203000000,0.691378057003,-0.646156072617,-0.765109300613,-7.83662908361e-05,-1.77911865711,8.87251226231e-05
39203000000,0.684148669243,-0.827951908112,-0.765139818192,-0.00801574625075,-1.77911865711,-0.000250735785812
39203000000,0.675018250942,-0.970184743404,-0.765298783779,-0.0211106780916,-1.77911877632,-1.58924103744e-05
39245800000,0.664465427399,-1.10075414181,-0.765566945076,-0.0318094342947,-1.77911889553,0.000181551018613
39245800000,0.653791487217,-1.22309601307,-0.765894830227,-0.0367824025452,-1.77911889553,-0.000159822346177
39245800000,0.640997648239,-1.3416261673,-0.766307771206,-0.0423221699893,-1.77911901474,8.15179228084e-05
39245800000,0.626733779907,-1.4532777071,-0.766800284386,-0.0489275455475,-1.77911901474,-0.000293398217764
39245800000,0.61131310463,-1.55649387836,-0.767367660999,-0.0564648471773,-1.77911913395,-6.79159420542e-05
39285400000,0.595799148083,-1.65608012676,-0.767941713333,-0.0597694702446,-1.77911925316,0.000177711845026
39285400000,0.579101264477,-1.74294948578,-0.768532574177,-0.059164468199,-1.77911925316,-0.000168706887052
39285400000,0.562831282616,-1.81135487556,-0.769122719765,-0.0517202503979,-1.77911937237,0.000105599399831
39285400000,0.544113218784,-1.91670358181,-0.769739449024,-0.059685125947,-1.77911937237,-0.000226448464673
39293000000,0.524524271488,-1.98741948605,-0.770341694355,-0.0589164346457,-1.77911949158,4.54174441984e-05
39303200000,0.504259645939,-2.04549837112,-0.77094656229,-0.0579699650407,-1.77911949158,-0.000286169350147
39342200000,0.483837962151,-2.0973803997,-0.771454453468,-0.0491860248148,-1.77911961079,2.02579917641e-06
39342200000,0.463370323181,-2.14392375946,-0.771932482719,-0.0413514599204,-1.77911961079,-0.00027711756411
39342200000,0.442522078753,-2.18265247345,-0.772379219532,-0.0384292080998,-1.77911973,2.34493836615e-05
39384400000,0.420043945312,-2.20479249954,-0.7727009058,-0.0285899788141,-1.77911973,-0.000268428324489
39384400000,0.399983018637,-2.23572301865,-0.772906184196,-0.0117773767561,-1.77911984921,8.26540781418e-05
39384400000,0.377555906773,-2.24598431587,-0.773051679134,-0.00353404786438,-1.77911984921,-0.000159524875926
39384400000,0.355052828789,-2.24620580673,-0.773121714592,-8.54499085108e-05,-1.77911996841,0.00022390569211
39384400000,0.333887368441,-2.24148368835,-0.77308934927,0.0001035249079,-1.77911996841,4.45371324531e-06
39427200000,0.310551792383,-2.22286486626,-0.772942304611,0.0158045068383,-1.77911996841,-0.000203288043849
39427200000,0.290035903454,-2.21716499329,-0.772693276405,0.0466805137694,-1.77912008762,0.000212916755117
39427200000,0.267961502075,-2.18801355362,-0.772180378437,0.0760290771723,-1.77912056446,-8.70519070304e-05
39427200000,0.245771452785,-2.14548921585,-0.771306157112,0.103100642562,-1.77912127972,-0.000276504142676
39432800000,0.225254029036,-2.10725474358,-0.770190000534,0.13699862361,-1.77912271023,-3.4128108382e-05
39442800000,0.204342931509,-2.05444455147,-0.768797159195,0.173740282655,-1.77912437916,-5.92241158301e-05
39487600000,0.184818968177,-1.99978232384,-0.766825854778,0.20230846107,-1.77912664413,-4.30159161624e-05
39487600000,0.165843620896,-1.94393599033,-0.764805138111,0.244282215834,-1.77912950516,-0.000205811869819
39487600000,0.147022649646,-1.88305330276,-0.762267768383,0.28266620636,-1.77913296223,-0.000243650501943
39487600000,0.128495916724,-1.80812096596,-0.759282231331,0.321375399828,-1.77913749218,0.000276748411125
39529600000,0.110723607242,-1.72760343552,-0.755872905254,0.362046152353,-1.77914273739,0.000264222937403
39529600000,0.0950719416142,-1.6598534584,-0.752590894699,0.416616737843,-1.77914869785,8.88668437256e-05
39529600000,0.0785625651479,-1.56765699387,-0.748148798943,0.458612173796,-1.77915549278,0.000179174428922
39529600000,0.0635557845235,-1.48059034348,-0.74358934164,0.509044229984,-1.77916300297,4.98731096741e-05
39571800000,0.048867020756,-1.38195502758,-0.737900614738,0.5495890975,-1.77917146683,3.33908501489e-05
39571800000,0.0366977751255,-1.3073271513,-0.732570111752,0.608335018158,-1.77918064594,-7.70213603118e-07
39571800000,0.0240909196436,-1.20971035957,-0.726386725903,0.662525475025,-1.77919065952,7.50602484914e-05
39571800000,0.0126715190709,-1.11502635479,-0.719950377941,0.722525954247,-1.77920162678,-3.52158785972e-05
39613800000,0.00198587169871,-1.01553785801,-0.712537884712,0.77824985981,-1.7792134285,-0.00029455346521
39613800000,-0.00716964714229,-0.928386807442,-0.704530835152,0.835080802441,-1.7792263031,-1.66124009411e-05
39613800000,-0.0159714855254,-0.830508470535,-0.695912957191,0.892765879631,-1.77923953533,-2.35582156165e-05
39613800000,-0.0232017803937,-0.746808767319,-0.687437713146,0.962324500084,-1.77925360203,-6.3434628828e-05
39613800000,-0.0306411162019,-0.633954644203,-0.676797389984,1.01141667366,-1.77926850319,0.000211662365473
39659800000,-0.0365477837622,-0.539182841778,-0.666917264462,1.08150303364,-1.77928411961,0.000278974766843
39659800000,-0.0411715358496,-0.462450742722,-0.656689822674,1.15481507778,-1.77930033207,-1.73613298102e-05
39659800000,-0.0451819971204,-0.380281418562,-0.644687950611,1.21478438377,-1.77931702137,1.22067185657e-05
39659800000,-0.0484490692616,-0.297389119864,-0.632756710052,1.28413176537,-1.77933442593,0.000250195589615
39663000000,-0.0509969480336,-0.210642442107,-0.619396030903,1.34383559227,-1.77935218811,-0.00018105484196
39673000000,-0.0526887029409,-0.131669521332,-0.605613589287,1.4062987566,-1.77937030792,0.000131693406729
39713800000,-0.0535623654723,-0.0743543058634,-0.593222200871,1.49336469173,-1.77938878536,0.000264482339844
39713800000,-0.053857460618,-0.000385362742236,-0.577860295773,1.55456244946,-1.77940750122,9.07974972506e-05
39713800000,-0.0538919642568,0.00373450247571,-0.562090039253,1.62170433998,-1.7794264555,2.72561701422e-05
39713800000,-0.0537810996175,0.0243755150586,-0.545994222164,1.68352031708,-1.77944564819,-0.00019028056704
39755600000,-0.0531996414065,0.0818142965436,-0.529289603233,1.74628686905,-1.77946472168,0.000115835820907
39755600000,-0.0520349033177,0.142320513725,-0.512327253819,1.81451714039,-1.77948391438,0.000193963031052
39755600000,-0.0502021200955,0.203272849321,-0.494017422199,1.87395632267,-1.77950072289,0.000151849730173
39755600000,-0.0478158518672,0.255253642797,-0.47506916523,1.93146181107,-1.7795137167,-1.16058772619e-05
39797200000,-0.0452034398913,0.287466466427,-0.457091778517,2.00544476509,-1.7795227766,0.000221559545025
39797200000,-0.0420710593462,0.320460259914,-0.437370687723,2.06451272964,-1.77952826023,-2.6025745683e-05
39797200000,-0.0382207967341,0.359895467758,-0.414563119411,2.08932256699,-1.77952671051,0.00312562519684
39797200000,-0.0349298529327,0.366936832666,-0.395818263292,2.17222714424,-1.77952754498,0.000245908042416
39840400000,-0.0311299357563,0.378907263279,-0.374451160431,2.22477841377,-1.77952170372,0.00198787776753
39840400000,-0.0270065497607,0.390319049358,-0.351226091385,2.25782227516,-1.77951288223,0.00312654394656
39840400000,-0.0230861846358,0.389985918999,-0.328392475843,2.2984931469,-1.77950203419,0.00357292685658
39840400000,-0.0190387889743,0.387267827988,-0.306026190519,2.34964680672,-1.77948999405,0.0031338094268
39882400000,-0.0153060574085,0.374886631966,-0.281826406717,2.3775229454,-1.77947437763,0.00408452469856
39882400000,-0.0116253122687,0.359274148941,-0.259618133307,2.43695616722,-1.77945864201,0.00458617089316
39882400000,-0.00811955332756,0.33929130435,-0.235121920705,2.46617269516,-1.77944147587,0.00482772756368
39882400000,-0.0047673098743,0.31624776125,-0.210277691483,2.49167585373,-1.77942121029,0.0059516010806
39924200000,-0.00191209453624,0.285867601633,-0.187135636806,2.54154038429,-1.7794059515,0.00457665836439
39924200000,0.000741899537388,0.253760367632,-0.160693213344,2.54678535461,-1.7793892622,0.00272966432385
39924200000,0.00323582091369,0.220937371254,-0.137071371078,2.59043502808,-1.77936935425,0.00362492492422
39924200000,0.00553015060723,0.225378066301,-0.11320040375,2.09244179726,-1.77928125858,0.00817828252912
39924200000,0.00759099656716,0.177029177547,-0.0953191816807,1.66647696495,-1.77921974659,0.0041134567
39963600000,0.00903568509966,0.127178356051,-0.0803053081036,1.30648362637,-1.77919912338,0.000561462773476
39963600000,0.0100791603327,0.0852484405041,-0.0687420666218,1.02871608734,-1.77919852734,0.000177079884452
39963600000,0.0107758380473,0.054470885545,-0.0597986914217,0.813934504986,-1.77919852734,0.000203519142815
39963600000,0.0112061649561,0.033792424947,-0.0525946654379,0.640944182873,-1.77919852734,0.000238761291257
39972800000,0.0114750191569,0.0195039901882,-0.0466224364936,0.497555285692,-1.77919840813,0.000298036378808
39982800000,0.0116183236241,0.0107352267951,-0.0422965064645,0.393734931946,-1.77919840813,-0.000213895618799
40024400000,0.0116926161572,0.00508865946904,-0.038935367018,0.313081920147,-1.77919840813,-6.70399822411e-05
40024400000,0.011723539792,0.00163771002553,-0.036164034158,0.24661655724,-1.77919840813,0.000214465850149
40024400000,0.0117389354855,0.0014780680649,-0.0338667370379,0.191421821713,-1.77919852734,-0.000126650382299
40024400000,0.0117539726198,0.00147087231744,-0.0321421884,0.150088623166,-1.77919876575,0.0001006862949
40065800000,0.0117683531716,0.0014636561973,-0.0308370683342,0.11880826205,-1.77919888496,-0.000135158261401
40065800000,0.011781799607,0.00145904556848,-0.0298227053136,0.0944937989116,-1.77919912338,0.000208371784538
40065800000,0.011797231622,0.00145350501407,-0.0290159005672,0.0751629397273,-1.77919924259,-8.71742959134e-05
40065800000,0.0118120247498,0.00144781917334,-0.0283154025674,0.0583728179336,-1.77919948101,0.000160949042765
40111200000,0.0118267638609,0.00144319364335,-0.027789497748,0.0457678809762,-1.77919960022,-0.000146858321386
40111200000,0.0118408771232,0.00143738801125,-0.0273771435022,0.035890378058,-1.77919983864,0.000179863534868
40111200000,0.0118555165827,0.00143351987936,-0.0270650759339,0.0284091923386,-1.77919995785,-0.000120387339848
40111200000,0.0118701085448,0.00142915267497,-0.0268091280013,0.0222760941833,-1.77920019627,0.000177976049599
40152600000,0.0118838036433,0.00142316543497,-0.0266189593822,0.01771437563,-1.77920031548,-6.3594263338e-05
40152600000,0.0118968933821,0.00142062082887,-0.0264676939696,0.0140920151025,-1.77920043468,-0.00026831208379
40152600000,0.0119113596156,0.00141520274337,-0.0263429433107,0.0111008323729,-1.7792006731,5.66279704799e-05
40152600000,0.0119266267866,0.00141077034641,-0.0262411925942,0.0086617236957,-1.77920091152,-0.000297688442515
40193000000,0.0119404336438,0.001405164483,-0.0261617973447,0.00675762724131,-1.77920103073,3.38573481713e-05
40193000000,0.0119536407292,0.00140402594116,-0.0261051543057,0.00540299899876,-1.77920114994,-0.00019365370099
40193000000,0.0119687765837,0.00140104512684,-0.0260564759374,0.0042359563522,-1.77920138836,0.000125918464619
40193200000,0.0119830332696,0.00139694078825,-0.0260183122009,0.00332361692563,-1.77920150757,-0.000130819040351
40234600000,0.0119966957718,0.00139363866765,-0.0259889103472,0.0026179519482,-1.77920174599,0.000208041936276
40234600000,0.0120103219524,0.00138854340184,-0.0259649287909,0.00204418739304,-1.7792018652,-5.62644781894e-05
40234600000,0.0120239173993,0.0013872917043,-0.0259481426328,0.00163952168077,-1.77920198441,-0.00028554617893
40234600000,0.0120380437002,0.00138435908593,-0.0259331092238,0.00127977284137,-1.77920222282,5.45314032934e-05
40234600000,0.0120521783829,0.0013885764638,-0.0259215831757,0.00100526644383,-1.77920234203,-0.000141825745231
40275000000,0.012066071853,0.00139264028985,-0.0259127058089,0.000792174600065,-1.77920258045,0.000207235425478
40275000000,0.0120789119974,0.00140004442073,-0.0259063448757,0.000637705030385,-1.77920269966,7.98913024482e-05
40275000000,0.0120926778764,0.00141045707278,-0.0259007029235,0.000505415257066,-1.77920281887,-6.89727894496e-05
40275000000,0.0121079776436,0.00142376357689,-0.0258961822838,0.000392781454138,-1.77920293808,-0.000255248160101
40283200000,0.0121222650632,0.00143458321691,-0.0258924532682,0.000306104717311,-1.7792031765,0.000226887234021
40293200000,0.0121366530657,0.00144278712105,-0.0258897580206,0.000241962392465,-1.77920329571,0.000202348965104
40334600000,0.0121511183679,0.00144735944923,-0.0258876681328,0.000192471939954,-1.77920341492,0.000130384083604
40334600000,0.0121644046158,0.00144159467891,-0.0258860811591,0.000167237449205,-1.77920353413,-0.000108733322122
40334800000,0.0121790878475,0.00143715110607,-0.0258845146745,0.000204985350138,-1.77920377254,0.000160927069373
40334800000,0.0121945803985,0.00143214489799,-0.0258830208331,0.000170475177583,-1.77920389175,-0.000209513193113
40379800000,0.0122083080932,0.00142884801608,-0.0258819516748,0.000154125067638,-1.77920413017,8.71662268764e-05
40379800000,0.0122234169394,0.0014216353884,-0.025880837813,6.50354704703e-05,-1.77920436859,6.4697705966e-05
40379800000,0.0122370524332,0.00141661486123,-0.0258796494454,0.000161321513588,-1.7792044878,-0.000146055041114
40379800000,0.0122506460175,0.00141208467539,-0.0258784648031,7.23673292669e-05,-1.77920472622,1.69902705238e-05
40418000000,0.0122644808143,0.0014102634741,-0.025877257809,0.000161449424922,-1.77920496464,0.00020065184799
40418000000,0.0122788287699,0.00140538485721,-0.025876743719,1.69988907146e-05,-1.77920508385,-0.00027355903876
40418000000,0.0122925676405,0.0014014194021,-0.0258765779436,1.6550100554e-05,-1.77920532227,-0.000141817901749
40418000000,0.0123076606542,0.00139630166814,-0.0258763898164,1.84982636711e-05,-1.77920556068,-0.000139010357088
40457200000,0.0123204775155,0.00139069242869,-0.0258762333542,1.90058217413e-05,-1.7792057991,6.49983921903e-05
40457200000,0.0123343672603,0.00138692511246,-0.0258760694414,1.73259832081e-05,-1.77920603752,0.000140098360134
40457200000,0.0123487664387,0.00138273066841,-0.0258758943528,1.88782141777e-05,-1.77920627594,0.000194542051759
40457200000,0.0123633947223,0.00137843785342,-0.0258757229894,1.8372797058e-05,-1.77920651436,7.14933485142e-05
40499000000,0.012375776656,0.00137588276993,-0.0258755553514,1.59671581059e-05,-1.77920663357,-0.000143228666275
40499000000,0.0123903146014,0.00137048203032,-0.025875383988,1.32285567815e-05,-1.77920687199,-9.71678819042e-05
40499000000,0.0124031677842,0.00136423506774,-0.0258752275258,1.61384286912e-05,-1.7792071104,8.17976906546e-05
40499200000,0.0124178882688,0.00136158312671,-0.0258750598878,1.63699260156e-05,-1.77920734882,0.000156258698553
40543000000,0.0124301183969,0.00135728809983,-0.0258749071509,1.84444306797e-05,-1.77920758724,-0.000296825252008
40543000000,0.0124444784597,0.00135220668744,-0.0258747339249,1.68316655618e-05,-1.77920770645,-0.000193536296138
40543000000,0.0124585218728,0.00134981726296,-0.0258745662868,1.79267535714e-05,-1.77920794487,-0.000150551932165
40543000000,0.0124714449048,0.00134478148539,-0.0258744116873,1.74714768946e-05,-1.77920818329,0.000108041691419
40543000000,0.0124843297526,0.00133800902404,-0.0258742570877,1.57991034939e-05,-1.77920842171,0.000216933345655
40586200000,0.0124985119328,0.00133788934909,-0.0258740894496,1.25746073536e-05,-1.77920854092,-0.00027895331732
40586200000,0.0125118484721,0.00133188080508,-0.0258739273995,1.62743253895e-05,-1.77920877934,-0.000137612456456
40586200000,0.0125240823254,0.0013265790185,-0.0258737858385,1.73452044692e-05,-1.77920901775,9.05744964257e-05
40586200000,0.0125381350517,0.0013248504838,-0.0258736200631,1.26736140373e-05,-1.77920925617,0.000174407672603
40592600000,0.0125516140833,0.00132054893766,-0.0258734673262,1.25994947666e-05,-1.77920937538,-0.000228008328122
40602800000,0.0125645231456,0.00131675717421,-0.0258733090013,1.79548787855e-05,-1.7792096138,-0.000115332048154
40644600000,0.0125781809911,0.00131061254069,-0.0258731488138,1.22123183246e-05,-1.77920985222,7.64245498885e-07
40644600000,0.0125910118222,0.00130674452521,-0.0258729979396,1.51612348418e-05,-1.77921009064,0.00018096320855
40644600000,0.0126030202955,0.00130528688896,-0.0258728582412,1.79446251423e-05,-1.77921020985,-0.000188454534509
40644600000,0.0126165542752,0.00130115402862,-0.0258726999164,1.54200170073e-05,-1.77921044827,-6.24274180154e-05
40686600000,0.012630045414,0.0012962463079,-0.0258725434542,1.70445910044e-05,-1.77921068668,6.69743094477e-05
40686600000,0.0126429777592,0.00129063264467,-0.0258723925799,1.48055160025e-05,-1.7792109251,0.000214839135879
40686600000,0.0126561261714,0.00128896080423,-0.0258722417057,1.27139883261e-05,-1.77921104431,-0.000239700471866
40686600000,0.0126689765602,0.00128195434809,-0.0258720964193,1.30673297463e-05,-1.77921128273,1.03969284737e-06
40730200000,0.0126820439473,0.00127796747256,-0.0258719418198,1.5414916561e-05,-1.77921152115,0.000163452044944
40730200000,0.0126935401931,0.00127415684983,-0.0258718132973,1.59641367645e-05,-1.77921164036,-0.000185735625564
40730200000,0.012706275098,0.00127273611724,-0.0258716642857,1.51439417095e-05,-1.77921187878,4.34826870332e-05
40730200000,0.01271897275,0.00126565888058,-0.0258715189993,1.43133274833e-05,-1.7792121172,0.000209955134778
40773200000,0.0127318827435,0.00126394140534,-0.0258713662624,1.50436690092e-05,-1.7792122364,-0.000224983450607
40773200000,0.0127444993705,0.00125977478456,-0.0258712284267,1.45465473906e-05,-1.77921247482,1.32466429932e-05
40773200000,0.0127565767616,0.00125544250477,-0.0258710943162,1.42931057781e-05,-1.77921271324,0.000181136783794
40773200000,0.0127696190029,0.00125399162062,-0.0258709471673,1.64671200764e-05,-1.77921283245,-0.000157110989676
40773200000,0.0127823697403,0.00124955084175,-0.0258708037436,1.19648875625e-05,-1.77921307087,3.08412454615e-05
40816000000,0.0127950813621,0.00124493718613,-0.0258706603199,1.68684455275e-05,-1.77921330929,0.000199127767701
40816000000,0.0128072565421,0.00123918394092,-0.0258705187589,1.34161800815e-05,-1.7792134285,-0.000199447473278
40816000000,0.0128201367334,0.0012365457369,-0.0258703734726,1.47592927533e-05,-1.77921366692,3.70232737623e-05
40816000000,0.0128314970061,0.00123223266564,-0.0258702449501,1.28769788716e-05,-1.77921378613,-0.000280929030851
40823000000,0.0128442980349,0.00123085221276,-0.0258701108396,1.39287512866e-05,-1.77921402454,-9.67827290879e-05
40832800000,0.012856814079,0.00122667953838,-0.0258699711412,1.08020367406e-05,-1.77921426296,0.000109816195618
40873600000,0.0128692919388,0.0012212296715,-0.0258698295802,1.42866892929e-05,-1.77921438217,-0.000238058215473
40873600000,0.0128817288205,0.00121691823006,-0.0258696898818,1.54619901878e-05,-1.77921462059,-2.52333557e-05
40873600000,0.0128938853741,0.00121393799782,-0.0258695650846,1.23421032185e-05,-1.77921485901,0.000222321017645
40873600000,0.0129052773118,0.00121205754112,-0.0258694346994,1.3037154531e-05,-1.77921497822,-0.00011024458945
40916000000,0.0129183260724,0.00120652571786,-0.0258692912757,1.28805741042e-05,-1.77921521664,5.45710026927e-05
40916000000,0.0129294078797,0.00120305246674,-0.0258691702038,1.27047487695e-05,-1.77921533585,-0.000221819529543
40916000000,0.012940697372,0.00119810143951,-0.0258690398186,1.31777014758e-05,-1.77921557426,2.49883523793e-05
40916000000,0.0129533903673,0.00119353004266,-0.0258689094335,1.15448729048e-05,-1.77921581268,0.000211336868233
40962800000,0.0129655636847,0.00119196961168,-0.0258687734604,1.36080016091e-05,-1.77921593189,-0.000143860233948
40962800000,0.0129765123129,0.00118959590327,-0.0258686505258,1.5246521798e-05,-1.77921617031,0.000185559838428
40962800000,0.0129886129871,0.00118584791198,-0.0258685257286,1.14838530862e-05,-1.77921628952,-0.000169536899193
40963000000,0.0130013842136,0.00118014554027,-0.0258683916181,1.22517894852e-05,-1.77921652794,7.33217821107e-05
40963000000,0.0130124660209,0.00117586145643,-0.0258682724088,1.20196482385e-05,-1.77921664715,-0.000202800816623
41005600000,0.0130249233916,0.00117429101374,-0.0258681382984,1.34651027111e-05,-1.77921688557,-9.5090481409e-06
41005600000,0.0130368741229,0.00117104139645,-0.0258680116385,1.00020643004e-05,-1.77921712399,0.000216586166061
41005600000,0.0130478516221,0.00116523099132,-0.0258678942919,1.28528990899e-05,-1.77921724319,-7.24099754734e-06
41005600000,0.0130590321496,0.00116446521133,-0.0258677788079,1.49336274262e-05,-1.77921748161,0.00022453123529
41013000000,0.0130713367835,0.00115716189612,-0.0258676465601,9.58553118835e-06,-1.77921760082,-6.72050664434e-05
41023000000,0.0130829103291,0.0011533126235,-0.0258675217628,1.29521340568e-05,-1.77921783924,0.000211020407733
41064200000,0.0130937546492,0.00115194253158,-0.0258674081415,1.40727206599e-05,-1.77921795845,-4.30882100773e-05
41064200000,0.0131054883823,0.00114837533329,-0.0258672852069,1.31534452521e-05,-1.77921819687,0.000216761094634
41064200000,0.0131178721786,0.00114571186714,-0.025867158547,1.37714068842e-05,-1.77921831608,-0.000152479944518
41064200000,0.013128160499,0.00114115374163,-0.0258670542389,1.49711695485e-05,-1.7792185545,0.000209041754715
41106800000,0.0131395580247,0.00113842519931,-0.0258669368923,1.11562321763e-05,-1.77921867371,-8.83177053765e-05
41106800000,0.0131506938487,0.00113326113205,-0.0258668158203,1.32497170853e-05,-1.77921891212,0.000173763284693
41106800000,0.0131629267707,0.00112964061555,-0.0258666928858,1.08545118565e-05,-1.77921903133,-0.000120698183309
41106800000,0.0131733156741,0.0011253337143,-0.0258665848523,1.27765606521e-05,-1.77921926975,0.000227379103308
41149600000,0.0131847979501,0.00112310610712,-0.0258664693683,1.19321412058e-05,-1.77921938896,-5.31143305125e-05
41149600000,0.0131966937333,0.00111955753528,-0.0258663445711,9.1670672191e-06,-1.77921962738,0.00018442896544
41149600000,0.0132081033662,0.00111841177568,-0.0258662309498,1.00437400761e-05,-1.77921974659,-0.000115804585221
41149600000,0.0132197001949,0.00111424515489,-0.0258661136031,9.03126328922e-06,-1.77921998501,0.000129131702124
41196600000,0.0132299279794,0.00111114757601,-0.0258660148829,9.94174115476e-06,-1.77922010422,-4.41464217147e-05
41196600000,0.0132407918572,0.0011069617467,-0.0258658993989,1.19949136206e-05,-1.77922034264,0.000185634984518
41196600000,0.0132525032386,0.0011046306463,-0.0258657839149,1.17384834084e-05,-1.77922046185,-1.41536629599e-05
41196600000,0.0132628586143,0.00110022944864,-0.0258656814694,9.64487026067e-06,-1.77922058105,-0.000215250096517
41196600000,0.0132744992152,0.00109649519436,-0.0258655641228,1.14301346912e-05,-1.77922081947,4.40913026978e-05
